顶住,1
新区,1
卷子,1
一翻,1
好运,1
连连,1
许,1
愿望,1
望远镜,1
就位,1
好不好,1
不下雨,1
与人为善,1
静,1
侠之大者,1
发生,1
连续,1
乖乖,1
忍,1
避免,1
出行,1
懈怠,1
关键时刻,1
添乱,1
雷锋精神,1
初期,1
密集,1
害死,1
守,1
雷锋,1
快乐,1
爱好者,1
纪念日,1
同胞,1
发展,1
受苦,1
公主,1
气度,1
大国,1
白费,1
展示,1
涌泉相报,1
沿途,1
广州,1
从没,1
疑似病例,1
权威性,1
越来越少,1
人流,1
相约,1
冲刺,1
维护,1
国民,1
远不止,1
太高,1
生日,1
朝鲜,1
亚洲,1
伊拉克,1
黑锅,1
合作,1
科学,1
背,1
锅,1
背黑锅,1
静待,1
早就,1
心战,1
佩戴,1
脱欧,1
光荣,1
出力,1
聊表心意,1
经验,1
考验,1
大侠,1
各行各业,1
不知不觉,1
提高警惕,1
管好,1
功到自然成,1
事关,1
疯,1
谈和,1
拒不,1
背时,1
通,1
统计,1
怎么会,1
军人,1
勇敢,1
人民军队,1
引以为豪,1
东京,1
岂不是,1
\,1
中国移动,1
都降,1
贡献,1
防备,1
核,1
镇定,1
想象,1
治理,1
万岁,1
巴基斯坦,1
强国,1
高科技,1
兴国,1
人工智能,1
时代,1
后人,1
这一代,1
操劳,1
老太,1
全红,1
超人,1
吖,1
努力奋斗,1
赶快,1
阻击战,1
认识,1
恶小而,1
该罚,1
处分,1
捏,1
软柿子,1
方便面,1
温度,1
头疼,1
都能,1
草案,1
综合征,1
画,1
细节,1
发出,1
严肃查处,1
史,1
意识,1
瞒,1
知道啦,1
刷屏,1
当真,1
产业化,1
须,1
学到,1
车,1
彻查,1
同意,1
整顿,1
排牙,1
晃,1
重庆,1
过来,1
信号,1
奇缘,1
冰雪,1
飘,1
明年,1
鸡汤,1
牛,1
决不,1
唱着,1
禁绝,1
答案,1
五四运动,1
开心,1
混乱,1
起床,1
祖国,1
外来人员,1
考出,1
国士无双,1
少年,1
度过,1
全民,1
面临,1
爱惜,1
小姑娘,1
先生,1
热爱,1
干预,1
惹,1
望平安,1
别出去,1
配合,1
碎了心,1
躺,1
懒,1
长肉,1
排查,1
拍,1
失控,1
合法,1
NO,1
创伤,1
享受,1
防盗,1
侵害,1
4月,1
内容,1
盲目,1
彻底,1
认同感,1
操心,1
整治,1
请问,1
风不,1
yxh,1
生育,1
换来,1
新中国,1
怪,1
借助,1
鬼子,1
老人家,1
长命百岁,1
袁老,1
老爷子,1
擦亮,1
美帝国主义,1
崛起,1
嗯嗯,1
为基础,1
人民民主专政,1
视,1
暴,1
www,1
龙城,1
认,1
提问,1
杨宜勇,1
资本主义,1
烂,1
富强,1
嫁给,1
宗教,1
奴隶,1
抵制,1
洗钱,1
热情,1
国贼,1
勤劳,1
人心惶惶,1
拼命,1
官网,1
倒流,1
意见,1
征集,1
怕热,1
漏洞,1
居,1
市县,1
高铁,1
起码,1
分级管理,1
圆,1
收好,1
浪费资源,1
外面,1
消,1
差不多,1
中卫,1
路口,1
确实,1
条件,1
考六级,1
当前,1
到时,1
变态,1
规规矩矩,1
兄弟姐妹,1
大人,1
井柏然,1
词,1
早期,1
哈利路亚,1
聚,1
保平安,1
刑法,1
家禽,1
区别,1
看有,1
加大,1
腾地,1
哎呦,1
滋生,1
国人,1
西方,1
称,1
废除,1
狱友,1
地球,1
能成,1
寇,1
阅读,1
五胡乱华,1
宽松,1
历史,1
进来,1
实际,1
出城,1
烧起来,1
镇,1
真不,1
加拿大,1
住院,1
打球,1
一姐,1
全满贯,1
长大,1
Maria,1
I,1
谢幕,1
终将,1
决赛,1
莎拉波娃,1
情况,1
宁夏政府,1
一路上,1
本来,1
华人华侨,1
世界各地,1
中低,1
要不得,1
诺亚方舟,1
中国工程院,1
温婉,1
安装,1
全,1
诡异,1
遥祝,1
内忧外患,1
无疑,1
意大利,1
钉,1
风月,1
光速,1
注意安全,1
复读,1
吓死,1
考研,1
打野,1
同号,1
监督,1
走起,1
严格执行,1
盖,1
全村,1
壮阳,1
难吃,1
入口,1
贱,1
逛,1
提,1
串门,1
有事没事,1
爆出,1
坐标,1
作出,1
管一,1
找,1
浮出水面,1
逐渐,1
品,1
修正,1
人人有责,1
鸭子,1
繁育,1
贩卖,1
甲鱼,1
禁,1
特朗普,1
懂吗,1
有种,1
瓢,1
几张,1
强硬,1
平等,1
飞机,1
全满,1
进京,1
一眼,1
点亮,1
话,1
权威,1
禁足,1
韩国人,1
菜农,1
垃圾站,1
完蛋,1
烟,1
呐喊,1
稳定,1
游轮,1
拍成电影,1
增加,1
刑期,1
最低,1
辈,1
要用,1
排队,1
没来,1
死亡,1
看出,1
饮食,1
不太好,1
一段时间,1
整体,1
封锁,1
未,1
发热,1
自驾,1
想不通,1
人流量,1
宣传,1
辜负,1
偶尔,1
顺风,1
只好,1
积极,1
zf,1
辣,1
扩招,1
录取,1
落幕,1
终,1
智商,1
练成,1
说实话,1
记性,1
挖,1
敞开大门,1
回国,1
各项措施,1
b,1
版,1
错误,1
严谨,1
保险,1
H,1
像是,1
征信,1
数学,1
雷诺,1
冲撞,1
家庭,1
善后,1
下沉,1
xj,1
再次,1
允许,1
救治,1
祝愿,1
见证,1
任城,1
大邱,1
不及格,1
猛烈,1
省市,1
美丽,1
设计,1
产品,1
无论怎样,1
干部,1
官员,1
良心,1
开除,1
体谅,1
查查,1
战时,1
管晚,1
哈尔滨,1
免,1
失去,1
互相帮助,1
滞留,1
吃喝,1
行动,1
吉林省,1
控制措施,1
强制,1
不想,1
输出,1
功亏一篑,1
通航,1
烟台,1
战役,1
戍边,1
凯旋,1
回校,1
课,1
原则上,1
盘查,1
文章,1
夸张,1
官僚,1
瘟疫,1
开除党籍,1
轻,1
严厉打击,1
姑息,1
孙子,1
不吃,1
从我做起,1
晓得,1
抄抄,1
更该,1
这不,1
保留,1
讽刺,1
司法厅,1
强占,1
讨厌,1
免职,1
粗暴,1
仗势欺人,1
网络,1
剪,1
狠,1
舅舅,1
抬头,1
雁北,1
路过,1
没洗,1
tony,1
瞅瞅,1
紧缺,1
表,1
营销,1
晚,1
开会,1
钻石,1
迟迟,1
太早,1
再加,1
看过,1
撩,1
哥,1
真英雄,1
一家子,1
世家,1
清零,1
慢慢,1
办法,1
撒欢,1
似曾相识,1
好了吧,1
景点,1
面部,1
识别,1
西湖,1
体温,1
验,1
丝毫,1
回到,1
当当,1
做事,1
明显,1
公司,1
颜值,1
好好看,1
不知,1
叫错,1
出道,1
对不起,1
垮掉,1
热点,1
哈利,1
世界性,1
抗击,1
公安,1
战友,1
保卫国家,1
革命,1
着急,1
流行病,1
打喷嚏,1
保持警惕,1
了了,1
谨慎,1
家乡,1
关联,1
太大,1
t,1
院,1
不可,1
震惊,1
坝,1
闷,1
正常,1
叮嘱,1
很帅,1
不同,1
侄子,1
缘分,1
干不了,1
空乘,1
没关系,1
陶勇,1
内有,1
论文,1
不小,1
评职称,1
之后,1
教授,1
维持,1
方向,1
误以为,1
同名同姓,1
有毒,1
带同,1
男星,1
雷厉风行,1
晒过,1
恨,1
免不了,1
年轻人,1
远,1
硝烟,1
几遍,1
不准,1
党,1
公共交通,1
爬,1
流动,1
接手,1
来临,1
携带,1
人山人海,1
患上,1
天都,1
煎熬,1
楷模,1
风光,1
敲,1
优势,1
赚,1
正在,1
循证,1
打扫,1
环卫工,1
眼神,1
无助,1
萌,1
毛绒绒,1
黄河,1
迷糊,1
越,1
补,1
吹成,1
纯中药,1
行政命令,1
沦落,1
成熟,1
贵报,1
屎,1
尿,1
勤洗手,1
饭前,1
注意力,1
尺度,1
麻痹大意,1
开车,1
带走,1
实处,1
吵到,1
坠落伤,1
咳嗽,1
乱扔,1
东西,1
不听话,1
柜,1
政绩,1
戴好,1
小企业,1
损失惨重,1
写字楼,1
投放,1
好转,1
投放市场,1
预约,1
期盼,1
内伤,1
震撼,1
怪异,1
业主,1
端,1
居心,1
留置,1
八月,1
大佬,1
腐败,1
中将,1
病房,1
八方支援,1
空间,1
最多,1
虎山行,1
抨击,1
欺瞒,1
质疑,1
级数,1
宁夏大学,1
歧视,1
太沉重,1
预料不到,1
夜,1
打脸,1
不出,1
普通群众,1
物质,1
下午,1
英文,1
名叫,1
删了,1
covid-,1
愉快,1
骨子里,1
计较,1
现出,1
大小,1
刨根问底,1
哲学家,1
负重,1
前行,1
尽显,1
白衣天使,1
数不胜数,1
冠状,1
平日,1
环境,1
信不信,1
灭,1
爸,1
现场,1
罚,1
真多,1
太过分,1
公告,1
王子,1
默哀,1
床,1
冷清,1
收治,1
相互,1
解决问题,1
回流,1
国内,1
容易,1
考还得,1
不分,1
务工人员,1
具体情况,1
完,1
没完,1
可恨,1
观察,1
康复者,1
千万别,1
拉萨,1
农民,1
撤,1
关,1
憨憨,1
琢磨,1
倒下,1
院长,1
忍住,1
准确率,1
漏,1
操作,1
够呛,1
种病,1
逼疯,1
干净,1
戴反,1
近,1
放大镜,1
暴露,1
大胆,1
公示,1
追求,1
都是好,1
自豪,1
越快越好,1
强烈推荐,1
对照,1
耍流氓,1
推,1
势力,1
阴谋论,1
因果,1
大概,1
可让,1
衣服,1
洗澡,1
调查组,1
解封,1
题,1
读完,1
事件,1
真牛,1
跟着,1
没让,1
报销,1
自费,1
财政,1
给予,1
发泄,1
差,1
结巴,1
民生,1
行业,1
局面,1
不受,1
照样,1
贷款,1
作秀,1
秀场,1
岂能,1
搏斗,1
假大空,1
不敢苟同,1
遍地,1
看起来,1
别扭,1
tm,1
再多,1
中考,1
荣誉证,1
强,1
诚意,1
解决不了,1
现象,1
闹着玩,1
应有,1
总结,1
参加,1
人口密度,1
一巴掌,1
分开,1
净增,1
脱,1
长期,1
贫困,1
脱贫,1
第一书记,1
写错,1
一共,1
累计,1
抵消,1
个人,1
三位数,1
合理安排,1
轮休,1
暗访,1
区长,1
撒手不管,1
从头开始,1
裸奔,1
买票,1
N,1
子孙,1
愚昧,1
带孝,1
回乡,1
不孝子,1
肃,1
不及,1
低温,1
专家,1
说话,1
西宁,1
诋毁,1
礼让,1
保证,1
让出,1
大事,1
列车,1
实,1
毕业,1
也许,1
利用率,1
优先,1
供给,1
平民,1
南丁,1
阻击,1
标的,1
到达,1
吃不完,1
排,1
休,1
众志成城,1
落到实处,1
语言表达,1
舞蹈,1
小朋友,1
小手,1
健康成长,1
脑袋,1
矫枉过正,1
执法,1
属实,1
毛,1
红袖章,1
麻将,1
土匪,1
对了,1
求生欲,1
好惨,1
仙女,1
流产,1
倡导,1
必须品,1
卫生用品,1
迅速,1
红十字,1
CCTV,1
剪掉,1
节哀,1
巾帼不让须眉,1
关怀,1
是否是,1
说啥,1
没错,1
病疫,1
医学,1
装进,1
现,1
停摆,1
西城,1
没饭,1
发布,1
年前,1
露出,1
艰难险阻,1
特效药,1
正式,1
改成,1
很早,1
感谢您,1
爱人,1
不配,1
境界,1
换成,1
钱就行,1
有失,1
福利,1
拉网,1
完成,1
台账,1
管管,1
加班,1
女生,1
气溶胶,1
畜牧场,1
最近,1
保心安,1
知识,1
李兰娟,1
病床,1
李,1
第一线,1
脊梁,1
销号,1
营,1
扶持,1
私立医院,1
资金链,1
旅游业,1
打击,1
影响,1
执子之手,1
与子偕老,1
走下,1
爷爷奶奶,1
爱情,1
很好,1
主流,1
感动,1
留学,1
花样,1
难,1
fall,1
援,1
借走,1
定点医院,1
门诊,1
跑来跑去,1
拒,1
诊,1
赞同,1
烈士,1
事儿,1
无期,1
贩毒,1
同罪,1
罚到,1
发货,1
通道,1
放过,1
牢,1
遭殃,1
客厅,1
真大,1
兄弟,1
坐实,1
桌子,1
耳光,1
天王老子,1
实事,1
个度,1
管不了,1
自治,1
破,1
大点,1
杠杠,1
苏大强,1
黄石,1
先苦后甜,1
仝小林,1
礼,1
团队,1
蝠,1
推迟,1
人民代表大会,1
重振,1
字数,1
越多,1
流量,1
补课,1
良知,1
前前后后,1
举手,1
代替,1
绿灯,1
互联网,1
体现,1
覆盖,1
嘉兴,1
吃饭,1
楼顶,1
饭后,1
睡前,1
女护士,1
废,1
值得尊敬,1
奔波,1
令人尊敬,1
很棒,1
济南,1
鸡屁股,1
滥用,1
考虑到,1
擦,1
原理,1
不够,1
拿来,1
拖地,1
父亲,1
举国欢庆,1
喷子,1
观看,1
国际友人,1
友人,1
同在,1
干事,1
打人,1
那几,1
麻将机,1
先借,1
链接,1
网页,1
胡歌,1
退休,1
无人问津,1
餐厅,1
羡慕,1
献血,1
我为人人,1
咽炎,1
莫名其妙,1
课堂,1
开课,1
办公,1
水,1
联系,1
好意思,1
房,1
大爷,1
基本,1
门卫,1
冻成,1
基层干部,1
排头兵,1
救命,1
义务,1
迷惑,1
怎么做,1
救,1
还给,1
非得,1
延长,1
参与,1
江湖,1
示范,1
文明,1
催,1
纠结,1
宜昌赞,1
宜昌人,1
堆,1
回不去,1
换掉,1
无休,1
轮换,1
从未,1
好烦,1
菜,1
保重,1
功劳,1
为首,1
办理,1
刑事案,1
兰,1
村医,1
黑名单,1
疼,1
初四,1
得病,1
玉环,1
科研人员,1
xxx,1
严苛,1
倒是,1
艺术,1
所长,1
脑残,1
让给,1
谣言止于,1
绝望,1
自缢,1
警告,1
不查,1
当地政府,1
普通人,1
哪有什么,1
咋办,1
买了,1
艰,1
双盲,1
传染源,1
陈某,1
故宫,1
市局,1
辞退,1
公正,1
暴风雪,1
舒心,1
后退,1
叔叔,1
试,1
逼,1
原谅,1
霸权,1
羊毛,1
反驳,1
威胁论,1
狗屁,1
打压,1
庞然,1
无话可说,1
反击,1
手指甲,1
心虚,1
救救,1
伤害,1
万恶之源,1
来源于,1
购买,1
权势,1
再生父母,1
血,1
无期徒刑,1
驰,1
混蛋,1
投毒,1
放掉,1
知法犯法,1
一停,1
身份,1
象征,1
后台,1
夫人,1
喊着,1
想买,1
假期,1
园内,1
涮,1
高三,1
真帅,1
造假者,1
产,1
还用,1
蘸,1
点钱,1
一目了然,1
那箱,1
M,1
不必,1
喝酒,1
搞笑,1
一面,1
公务员,1
绝,1
真他妈,1
躲,1
打起,1
够多,1
跟上,1
职业,1
才是真,1
够用,1
吉林,1
老乡,1
雷神,1
入驻,1
太猛,1
选,1
浪费时间,1
家务,1
电视,1
黄山,1
护士,1
举措,1
党中央,1
总结经验,1
信心,1
不能取消,1
咋说,1
再快,1
加快,1
信任,1
烂透,1
铁路网,1
郭美美,1
盯着看,1
物尽其用,1
合理配置,1
支出,1
帮忙,1
知恩图报,1
幸福,1
痊愈,1
打卡,1
幼儿园,1
不停,1
期望,1
出舱,1
感觉良好,1
袁隆平,1
呼吸阀,1
太贵,1
带好,1
没醒,1
首例,1
跑出,1
中间商,1
门门,1
不服,1
法律,1
临床医学,1
诉,1
死不足惜,1
自称,1
定点,1
变好,1
透明,1
已用,1
误伤,1
区,1
好心,1
刚刚,1
河北,1
贪污,1
受贿,1
河北省,1
贪官,1
黄冈,1
山西,1
伴,1
bua,1
清补凉,1
掉队,1
河北人,1
效果,1
唐山,1
高位,1
不收,1
温州,1
官方,1
当街,1
随便,1
杀,1
农村,1
小猫,1
小狗,1
接近,1
南阳,1
未来,1
想要,1
上去,1
酒店,1
春节,1
永嘉县,1
弱,1
讲,1
站,1
预警,1
躲起来,1
登封,1
慢一拍,1
早该,1
大年,1
封闭,1
刚开始,1
一节课,1
科目,1
我们学校,1
劳务,1
派遣,1
理当如此,1
临时工,1
同工同酬,1
烦,1
乘客,1
会计职称,1
传染病,1
防治,1
会计,1
藤,1
不在意,1
全家,1
曰,1
老舅,1
损人不利己,1
生产,1
监,1
洪湖市,1
魔幻,1
涨价,1
前两天,1
受罚,1
GDP,1
2月,1
日期,1
准确,1
抛弃,1
到群众中去,1
身,1
通信,1
器材,1
更长,1
下来,1
潜伏着,1
好感,1
援助,1
很难,1
周知,1
嘴,1
得寸进尺,1
落井下石,1
坐等,1
自由,1
美利坚,1
贼喊捉贼,1
浙江省委,1
捐给,1
收回,1
跪,1
可别,1
打肿,1
炒,1
舍不得,1
临沂人,1
反映,1
普遍,1
省会,1
同志,1
临危受命,1
拥护,1
勇挑,1
首都,1
上班,1
平谷,1
放心,1
快快,1
战战之,1
召之即来,1
模糊,1
大局,1
互助,1
古时候,1
争气,1
黄,1
力,1
面对,1
超过,1
不许,1
别伤,1
拉,1
指手画脚,1
中华儿女,1
换新,1
感受到,1
筑,1
教育部,1
照录,1
效率,1
电脑屏幕,1
艾特,1
大学,1
费力,1
给我发,1
年终奖,1
特长,1
脸皮,1
嘲,1
本科率,1
制胜之道,1
动画片,1
报名,1
等级,1
有效期,1
打算,1
集体,1
可算,1
向好,1
没到,1
中央空调,1
空调,1
独立,1
天赋,1
大白,1
能歌善舞,1
逮住,1
挑选,1
没得,1
海底捞,1
火锅,1
均衡,1
尬,1
体育课,1
撑起,1
体育老师,1
楼上,1
老是,1
倒春寒,1
能来,1
热和,1
暖气,1
攒劲,1
海南,1
拉面,1
不大,1
码,1
进不了,1
新招,1
踏,1
补偿,1
官僚主义,1
司机,1
宴席,1
村庄,1
酒,1
民,1
村民,1
猪猪侠,1
芒果,1
影视剧,1
片子,1
乱七八糟,1
晶,1
蓝兔,1
摆拍,1
扔掉,1
来来来,1
尸体,1
造谣者,1
全省,1
中学,1
日前,1
确切,1
欠,1
中小学,1
开网,1
高中,1
说了算,1
妹,1
很高,1
输,1
能听,1
儿郎,1
考虑,1
太坏,1
心理,1
更好,1
推荐,1
害怕,1
寻找,1
陕西,1
奉献,1
体系,1
车又,1
大巴,1
客运,1
不要命,1
职工,1
火车,1
难买,1
挂,1
旅客,1
球,1
严管,1
依法,1
从重处理,1
袭警,1
太少,1
马赛克,1
发际线,1
臭,1
无聊,1
才十天,1
命,1
伤,1
杀人,1
接下来,1
沉重,1
岳阳,1
体会,1
千手观音,1
指令,1
正视,1
要死,1
无辜,1
太轻,1
降级,1
事业单位,1
午时,1
心惊,1
疾控中心,1
搭理,1
那可,1
再来,1
小孩子,1
刷起来,1
礼物,1
丢脸,1
看病,1
动辄,1
承认,1
通知,1
误导,1
一清二楚,1
钟,1
新闻联播,1
公交车,1
一劫,1
鬼故事,1
极端,1
记不住,1
乳名,1
日报,1
痛苦,1
住进,1
明知故犯,1
痰,1
监禁,1
报复,1
折磨,1
上面,1
ka,1
现实,1
长脸,1
西药,1
重合,1
洋,1
黑发,1
一环,1
不可或缺,1
江湖骗子,1
求助,1
蒋,1
住在,1
一抖,1
姨妈,1
拖到,1
急诊科,1
康康,1
NASA,1
老实人,1
去找,1
扫把,1
明早,1
说明,1
立,1
失责,1
约,1
谈谈,1
约谈,1
副官,1
最高,1
朋友,1
形势,1
走边,1
峰值,1
还没来,1
根本无法,1
只用,1
精选,1
蔬菜,1
锡盟,1
肉,1
样,1
解,1
特产,1
穷,1
解放,1
台湾,1
剧,1
睡觉,1
一言不合,1
女性,1
钟姥爷,1
尽心尽力,1
心系,1
大于,1
治愈率,1
高就,1
孤寡老人,1
执行,1
告急,1
稳,1
比较落后,1
老父亲,1
pr,1
能干,1
征用,1
女学生,1
必死,1
骗子,1
填,1
家底,1
员工,1
开间,1
,1
隔,1
以内,1
新年,1
方便,1
做到,1
有迹可循,1
很久,1
遥,1
纪律处分,1
组织,1
吊销,1
方舟子,1
能人,1
当时,1
极,1
态度,1
真爱,1
健康长寿,1
老奶奶,1
不动,1
人大,1
慈善机构,1
大自然,1
属于,1
保护法,1
怎么说,1
信阳,1
奶,1
百步亭,1
他妈,1
收到,1
流星花园,1
马书记,1
想不到,1
吹,1
天一,1
一一,1
蒸,1
受得了,1
更容易,1
大妈,1
come,1
减轻,1
要好,1
晚上,1
先抓,1
害己,1
国并,1
可期,1
歌颂,1
生病,1
拼,1
恶性肿瘤,1
不一定,1
乐观,1
力弱,1
一次性,1
凭什么,1
没病,1
心理压力,1
下去,1
精神科,1
家庭医生,1
厅,1
药店,1
没什么,1
空旷,1
领导人,1
发言人,1
食堂,1
冷静,1
顺便,1
哪天,1
单身,1
再好,1
离不了,1
离婚,1
必有后福,1
大难不死,1
县城,1
里,1
局子,1
谋杀罪,1
拘捕,1
犯罪,1
搞不懂,1
问问,1
家当,1
成绩,1
复核,1
玩游戏,1
承受能力,1
车子,1
与你同在,1
几乎,1
有救,1
早上,1
宠物,1
辞职,1
选择,1
返,1
幸运,1
好兆头,1
要命,1
减,1
甘肃,2
惊呆,2
纪念,2
平静,2
净,2
都会,2
同样,2
邪教,2
标,2
坑,2
脑子,2
牛蛙,2
超,2
倒,2
洋鬼子,2
世界地图,2
重蹈覆辙,2
天啊,2
一视同仁,2
公民,2
清,2
严格,2
那一天,2
鸡,2
变,2
解除,2
入,2
鼓掌,2
早日康复,2
党员,2
共渡难关,2
提供,2
门,2
集中,2
改正,2
广西,2
保持,2
撑住,2
寒,2
有所,2
止,2
儿子,2
蠢,2
失望,2
赞,2
关门,2
做法,2
消灭,2
原来,2
科技,2
爷爷,2
全中国,2
不放过,2
蔓延,2
静好,2
高官,2
国籍,2
打赢,2
发声,2
尤其,2
关门大吉,2
人心,2
不作为,2
清楚,2
查,2
评,2
控,2
洋人,2
动荡,2
严,2
呆,2
师傅,2
成功,2
吓人,2
难道,2
拜托,2
咋回事,2
搜,2
没事,2
3月,2
争取,2
早点,2
当初,2
底,2
见识,2
看待,2
谣,2
全人类,2
可行,2
尊重,2
打倒,2
鼓励,2
人日,2
男子,2
强大,2
道歉,2
进行,2
祝您,2
永,2
写,2
教,2
天津,2
中国人,2
征求意见,2
善良,2
民众,2
回收,2
就业,2
去年,2
想去,2
大部分,2
凯旋归来,2
互帮互助,2
命运,2
琼瑶,2
报之以,2
鼓吹,2
弄,2
出入,2
打开,2
特,2
论文答辩,2
封城,2
嘴里,2
G,2
害人不浅,2
游,2
屁,2
聚集,2
列入,2
买卖,2
搞出,2
定居,2
只能,2
打死,2
教训,2
进,2
居然,2
制度,2
措施,2
蛮好,2
以身作则,2
全世界,2
个位数,2
别急,2
一身正气,2
样子,2
喜欢,2
压力,2
听说,2
放假,2
疑似,2
挺好,2
差点,2
复试,2
电话,2
襄阳,2
玩,2
统一,2
测,2
依然,2
华南,2
老美,2
飞,2
你好,2
抵达,2
无语,2
趋势,2
防止,2
船上,2
只求,2
立法,2
拐点,2
消费,2
重点,2
很大,2
自觉性,2
低谷,2
警惕,2
高龄,2
靠谱,2
突然,2
奔,2
共同,2
谩骂,2
团结一致,2
好报,2
感恩,2
措辞,2
大米,2
不行,2
平时,2
市,2
具体,2
不算,2
提前,2
理解,2
天堂,2
厅长,2
理发,2
刀刃,2
广东,2
再不,2
撒欢儿,2
开门,2
房贷,2
病人,2
一方有难,2
好像,2
更加,2
目前,2
市长,2
有用,2
刷,2
小宝贝,2
春天,2
大意,2
香,2
前线,2
出去,2
老先生,2
哥哥,2
SCI,2
看懂,2
真,2
石,2
意思,2
可怜,2
得有,2
干什么,2
有可能,2
疾病,2
药,2
临床,2
善待,2
厕所,2
人民日报,2
稍有不慎,2
省长,2
觉得,2
懒政,2
开通,2
不要脸,2
报道,2
邮轮,2
搞得,2
真话,2
调整,2
能够,2
今日,2
爸爸,2
家人,2
滚吧,2
叫啥,2
主动,2
使劲,2
建,2
评论,2
看不懂,2
喷,2
严肃,2
返岗,2
用于,2
威武,2
江西,2
骚,2
治疗,2
学子,2
黄尸,2
欺负,2
剃光头,2
湖北省,2
支付,2
交,2
方法,2
算,2
初会,2
核减,2
祝,2
里面,2
上门,2
回京,2
子,2
爹娘,2
嫦娥,2
记者,2
底线,2
村里,2
惨,2
同学,2
求求,2
失业,2
奋战,2
改行,2
新闻媒体,2
特殊,2
床上,2
李医生,2
人间,2
老,2
不用,2
不怪,2
就让,2
政策,2
救人,2
寻衅滋事,2
紧张,2
完全,2
中小企业,2
自觉,2
阶段,2
真是,2
慢,2
战争,2
理应,2
想到,2
火化,2
根本,2
掉以轻心,2
爆发,2
砸,2
打麻将,2
可靠,2
撤职,2
群,2
谋财害命,2
口袋,2
举报,2
实时,2
通风,2
净土,2
守住,2
反正,2
水平,2
老婆,2
岗位,2
关闭,2
王书记,2
好棒,2
团结,2
愈,2
天天,2
中医院,2
行为,2
开工,2
自信,2
敢,2
减少,2
老实,2
自私,2
正经,2
说不出,2
请求,2
竟然,2
恐慌,2
枪毙,2
心寒,2
崇州,2
日后,2
放弃,2
转发,2
一边,2
闯,2
病魔,2
银行,2
杯,2
爹,2
抗体,2
加工资,2
硬核,2
再也,2
那才,2
主席,2
红十字会,2
行不行,2
毕竟,2
衔接,2
脸上,2
挺,2
专升本,2
北边,2
东营,2
一直,2
憨,2
卧槽,2
狗,2
动物,2
试点,2
绩效,2
返工,2
发病,2
不在,2
深藏,2
罚款,2
公布,2
护目镜,2
哭,2
笑,2
还行,2
该死,2
钉钉,2
自愿,2
瞒报,2
回,2
出处,2
没法,2
结婚,2
处罚,2
国难财,2
不该,2
无所谓,2
流泪,2
f,2
治病,2
室,2
工潮,2
内蒙古,2
焦虑,2
赢,2
治,2
吹风机,2
造成,2
人群,2
重要性,2
晚安,3
明白,3
诞辰,3
花,3
私有化,3
干嘛,3
死亡率,3
合理,3
恐怖,3
春暖花开,3
愣,3
天哪,3
看来,3
管控,3
传播,3
棒,3
重罚,3
治愈,3
福建,3
公开,3
实事求是,3
公平,3
人数,3
奥运会,3
最重要,3
困难,3
人性,3
方舱,3
长存,3
得到,3
人才,3
心痛,3
见,3
记得,3
之前,3
增长速度,3
涨,3
存在,3
问责,3
气,3
音,3
称呼,3
您们,3
话题,3
钟南山,3
热,3
正能量,3
宅,3
医学生,3
变成,3
坏,3
憋,3
瞎了,3
完了,3
礼尚往来,3
想问,3
留学生,3
中华,3
强烈,3
小孩,3
检查,3
字,3
剩下,3
居住,3
搞,3
经常,3
告诉,3
取得,3
境内,3
湖北人,3
城市,3
共同体,3
帮,3
心里,3
书,3
黄女士,3
单位,3
力度,3
利益,3
漏洞百出,3
滴,3
听,3
国,3
害,3
巴掌,3
中,3
长,3
即将,3
假,3
前功尽弃,3
可可,3
帅,3
挑,3
传染,3
c,3
外出,3
抓,3
停,3
航班,3
妈妈,3
反弹,3
懂,3
不止,3
巨大,3
三月,3
苦,3
禁止,3
好事,3
经济,3
出现,3
格局,3
不到,3
个体户,3
牛逼,3
共,3
放,3
监狱,3
吃火锅,3
喊,3
状态,3
外地,3
上海,3
青,3
香山,3
素质,3
非常,3
下台,3
大快人心,3
头,3
使用,3
一家人,3
退,3
恢复,3
健康,3
松懈,3
高,3
忘记,3
及时,3
喝茶,3
手机,3
楼下,3
假装,3
信息,3
面,3
日本政府,3
接触,3
买到,3
F,3
老铁,3
坑爹,3
去世,3
好看,3
教师,3
留在,3
杭州,3
行,3
少,3
洗头,3
凤凰,3
姓名,3
嗦,3
万众一心,3
直接,3
奖励,3
身体,3
好人,3
提高,3
落实,3
到底,3
武汉人,3
关键,3
很快,3
裤,3
送,3
暑假,3
加,3
丢,3
今晚,3
进入,3
身体健康,3
俄罗斯,3
敌人,3
毒,3
更多,3
美好,3
太好了,3
战胜,3
浪费,3
乱,3
作业,3
大意失荆州,3
关系,3
一生,3
上课,3
计算机,3
潜伏期,3
一块钱,3
工资,3
累,3
停用,3
发现,3
死,3
自责,3
ncp,3
舒服,3
动,3
江苏,3
有效,4
名字,4
用到,4
愿,4
防疫,4
住,4
平稳,4
永居,4
增,4
防,4
抄,4
尽快,4
还好,4
付出,4
反向,4
补助,4
其实,4
太棒,4
友谊,4
团,4
扩散,4
全球,4
世界,4
增长,4
山,4
继续,4
温暖,4
调查,4
卡,4
防范,4
问,4
好样,4
喝,4
太多,4
部门,4
骂,4
优秀,4
解决,4
心疼,4
大叔,4
就行了,4
顶,4
拒绝,4
造谣,4
cn,4
外国,4
日子,4
暖心,4
炎黄子孙,4
麻烦,4
女儿,4
捐献,4
居留权,4
风险,4
每天,4
太难,4
担心,4
女士,4
医疗,4
考,4
野生动物,4
判,4
限制,4
人口,4
比较,4
进去,4
关注,4
地区,4
省份,4
只想,4
大众,4
辅警,4
社会,4
缺,4
前,4
高福,4
永远,4
中药,4
sars,4
后续,4
鄂州,4
大意失,4
派出所,4
要到,4
抢,4
孩子们,4
打砸,4
黑龙江,4
稳住,4
志愿者,4
决定,4
宜昌,4
判刑,4
丧尽天良,4
打狗,4
树立,4
演艺明星,4
心态,4
消息,5
努力,5
脸,5
肺炎,5
跑,5
冠,5
怎么回事,5
危险,5
表示,5
毕业生,5
求,5
延期,5
考试,5
过去,5
患者,5
顶风作案,5
发国难财,5
真实,5
数,5
医护,5
做好,5
严查,5
严惩不贷,5
妈,5
是否,5
民族,5
gov,5
一刀切,5
必,5
时期,5
取消,5
短时间,5
我国,5
扎堆,5
老百姓,5
普通,5
症状,5
院士,5
终于,5
市场,5
免费,5
明天,5
北京,5
标准,5
社区,5
必要,5
痛心,5
黑,5
头发,5
关心,5
不让,5
逆行,5
最终,5
换,5
认真,5
成,5
基层人员,5
安心,5
基辛格,5
照顾,5
值得,5
死刑,5
biss,5
不错,5
床位,5
辟谣,5
拘留,5
工作,6
感谢,6
战,6
爱,6
国外,6
可怕,6
最好,6
数字,6
学,6
保障,6
活该,6
快递,6
要求,6
起来,6
子弟兵,6
休息,6
中华民族,6
工作人员,6
一起,6
加强,6
延迟,6
负责,6
坐,6
好好,6
生命,6
网,6
袁,6
说法,6
香港,6
掉,6
宁夏,6
回去,6
帮助,6
是不是,6
一家,6
眼睛,6
买,6
视频,6
新闻,6
不了,6
害人害己,6
苦痛,6
推广,6
平凡,7
最美,7
事情,7
钱,7
肯定,7
厉害,7
欧洲,7
伊朗,7
真好,7
越来越,7
速度,7
病例,7
抗,7
走,7
消毒,7
怕,7
血浆,7
门槛,7
外,7
赶紧,7
开放,7
景区,7
病,7
李文亮,7
辽宁,7
先,7
看看,7
卖,7
企业,7
新疆,7
防护服,7
孩子,7
医务人员,7
青海,7
信,7
恭喜,7
中央,7
天门,7
网友,7
生活,8
流感,8
疫,8
回家,8
欢迎,8
例,8
放松,8
条例,8
医疗队,8
安排,8
人民,8
胜利,8
看到,8
医院,8
保护,8
一定会,8
上网,8
微博,8
高考,8
不好,8
省,8
四川,8
买不到,8
家里,8
全国,8
书记,8
成为,8
了解,8
新增,9
期待,9
严防,9
管理条例,9
有点,9
今年,9
学校,9
心,9
带,9
境外,9
太快,9
事,9
医生,9
干,9
漂亮,9
青岛,9
相信,9
更,9
基层,9
急,9
总是,9
隐瞒,9
控制,10
防护,10
平安,10
入境,10
浙江,10
严重,10
快,10
严惩,10
上学,10
月,10
新,10
出,10
回来,11
结束,11
日韩,11
发,11
学生,11
老人,11
领导,11
中医,11
形式主义,11
工作者,12
伟大,12
注意,12
以后,12
挺住,12
日本,12
钟老,12
防控,12
小区,12
政府,12
老师,12
出院,12
开,12
最后,12
做,12
奔驰,12
重视,13
已经,13
检测,13
应该,13
捐,13
支持,13
需要,13
问题,13
开学,13
可能,13
感染,13
累垮,13
坚持,14
今天,14
确诊,14
建议,14
出门,14
官,14
戴,15
快点,15
感觉,15
好消息,15
归来,15
必须,15
山东,16
野味,16
会,17
成都,17
西藏,17
物资,18
走好,19
再,19
地方,19
美国,19
人员,19
安全,19
不会,19
可爱,20
太,22
河南,22
早日,22
在家,22
时间,22
医护人员,24
韩国,25
不要,25
复工,25
现在,26
武汉,27
数据,28
知道,30
反对,30
湖北,32
输入,33
口罩,33
真的,33
请,35
坚决,35
英雄,36
吃,37
谢谢,38
一线,38
说,39
辛苦,41
想,41
病毒,41
没有,42
居留,43
没,44
疫情,44
致敬,45
国家,45
不能,46
隔离,49
外国人,57
希望,68
中国,78
,116
加油,153
