磨磨,1
院士,1
北方地区,1
等会儿,1
发热,1
睡前,1
减少,1
走亲戚,1
支援,1
控,1
严格,1
阿冠,1
考,1
善后,1
算,1
日后,1
旗舰店,1
局面,1
多多,1
江苏,1
家人,1
湖北省,1
确诊,1
待在家里,1
感染,1
周边城市,1
事,1
武汉人,1
准,1
完全,1
广西,1
柳州,1
一道,1
回各大,1
省,1
小时,1
武汉机场,1
仅,1
大连,1
更新,1
补课,1
高三,1
找谁,1
浴室,1
宿舍,1
N,1
袋,1
销售者,1
销售,1
劝到,1
命令,1
带,1
夸大,1
货,1
周围,1
商家,1
想问,1
群众,1
说一句,1
一边,1
陕西,1
提示,1
司机,1
每天,1
中转,1
江西,1
河北,1
讲,1
媒体,1
正规,1
屠老,1
社会效益,1
强烈要求,1
辈,1
老人家,1
师,1
育人,1
赶紧,1
管控,1
幻影,1
联系方式,1
严重性,1
城市,1
防范,1
处罚,1
瞒,1
没事,1
惨,1
事故,1
倒,1
冷,1
乱放,1
侵,1
敢于,1
教育部,1
早该,1
姑息,1
姑息养奸,1
网友,1
最喜欢,1
C,1
拥有,1
插,1
找点,1
避重就轻,1
闭关,1
报名,1
能开,1
不负,1
开上,1
认真,1
精彩,1
高露,1
后来,1
了愿,1
不怪,1
满,1
当事人,1
道歉,1
举办,1
活动,1
我们学校,1
历史,1
西南联大,1
联合,1
西南,1
宿舍楼,1
旁边,1
走过,1
看不出,1
弱,1
科研,1
收到,1
小心,1
网吧,1
终有,1
恶报,1
药酒,1
广告,1
Gan,1
遇上,1
没能,1
慰问,1
健康,1
平易近人,1
强大,1
眼科,1
上次,1
加入,1
情况,1
朝阳医院,1
陶勇,1
有一天,1
中华文明,1
赞美,1
Guo,1
再接再厉,1
姐妹们,1
慢点,1
科目,1
大寒,1
Get,1
Goodyear,1
可控,1
恐慌,1
勤洗手,1
造谣,1
行动,1
消灭,1
传谣,1
谣,1
那是党,1
鸡汤,1
道理,1
身上,1
ood,1
整天,1
天天,1
垃,1
GGGGGGood,1
GGGGGGGGGGGGGGGGGGGGGGGGGGGGGGGGGGGGGGGGGGGGGGGGGGGGGGGGGGGGGGGGGGGGGGGGGGGGGGGGGGGGGGGGGGGGGGGGGGGGGGGGGGGGGGGGGGGGGGGGGGGGGGGGGGGGGGGGGGGGGGGGGGGGGGGGGGGGGGGGGGGGGGGGGGGGGGGGGGGGGGGGGGGGGGGGGGGGGGGGGGGGGGGGGGGGGGGGGGGGGGGGGGGGGGGGGGGGGGGGGGGGGGGGGGGGGGGGGGGGGGGGGGGGGGGGGGG,1
Gong,1
温馨,1
和蔼可亲,1
全国,1
客,1
日理万机,1
白,1
女学生,1
抽奖,1
过去,1
完欢,1
宫,1
感恩,1
撒下,1
欢,1
扒,1
恕我直言,1
安排,1
基因,1
发扬,1
光荣,1
职业,1
殴打,1
过分,1
央,1
在线,1
没有特权,1
逛逛,1
想起,1
巡逻,1
边防战士,1
成绩,1
接下来,1
白杨,1
杨哥,1
特别节目,1
练,1
GIF,1
爱好,1
新,1
不愧,1
游戏,1
下一代,1
教育,1
袁隆平,1
朱婷,1
搞,1
证明,1
驾校,1
雪花,1
GGGGGGGGGGGGGGGGGGGGGGGGGGGGGGGGGGGGGGGGGGGGGGGGGGGGGGGGGGGGGGGGGGGGGGGGGGGGGGGGGGGGGGGGGGGGGGGGGGGGGGGGGGGGGGGGGGGGGGGGGGGGGGGGGGGGGGGGGGGGGGGGGGGGGGGGGGGGGGGGGGGGGGGGGGGGGGGGGGGGGGGGGGGGGGGGGGGGGGGGGGGGGGG,1
ggggggggggggg,1
Go,1
处处,1
天下,1
GGGGG,1
周一,1
禁,1
攀龙附凤,1
追梦人,1
盛宴,1
千年一遇,1
夫妻,1
停车,1
想开,1
GGGGGGGGGreat,1
平台,1
今晚,1
提供,1
带走,1
垃圾,1
炎黄子孙,1
进宫,1
料,1
看管,1
对不起,1
彻查,1
死者,1
情绪稳定,1
狙,1
总理,1
实事,1
可惜,1
听说,1
掌勺,1
开大,1
Gstyle,1
社会主义,1
核心,1
农村,1
包围,1
解决,1
祝福,1
守,1
改,1
目标,1
a,1
Gdp,1
奔驰,1
长春,1
报道,1
剩,1
都整,1
评论,1
回应,1
正式,1
发不,1
笑死,1
睡,1
形成,1
鲜明,1
教练车,1
适合,1
真诚,1
民意,1
不惧,1
守信,1
交待,1
美不胜收,1
犹如,1
仙境,1
世外,1
桃源,1
爷爷,1
啦啦,1
太快,1
北,1
刑,1
重量,1
严惩,1
犯罪,1
加强,1
不够,1
校园,1
花朵,1
未成年,1
普通人,1
吃相,1
正版,1
活该,1
vvvvip,1
离谱,1
黑,1
坐上,1
切勿,1
抵制,1
依赖,1
顶顶顶,1
防护,1
花,1
贷款,1
挺好,1
炸,1
推荐,1
收拾,1
养,1
永远,1
风采,1
不行,1
丧失,1
彻底,1
全中,1
差不多,1
扎,1
超过,1
预约,1
奉献,1
眼眶,1
红,1
心酸,1
无奈,1
欲望,1
交代,1
下文,1
鉴,1
文,1
发声,1
不应,1
规则,1
小孩,1
胖胖,1
难当,1
真实,1
涛,1
暖心,1
公,1
严办,1
静待,1
文化,1
清楚,1
明白,1
缺口,1
转行,1
小狮子,1
航天,1
威武,1
无情,1
遗产,1
后续,1
同志们,1
规程,1
痛心,1
深感,1
卧槽,1
大使馆,1
丢,1
免签,1
进,1
轰炸机,1
战略,1
教,1
舰,1
直播,1
选对,1
结婚吗,1
伴侣,1
结,1
离婚,1
日期,1
显示,1
相爱,1
不懂,1
缅甸,1
长存,1
友谊,1
组团,1
裸,1
武当山,1
不在,1
贫道,1
仙气,1
湖北,1
十堰,1
武当,1
自然环境,1
人人有责,1
地球,1
爱护,1
环境,1
大坝,1
无法,1
回校,1
出去,1
路途,1
取决于,1
常回家,1
右边,1
也许,1
辨别,1
打架,1
据为己有,1
依法,1
堵,1
火,1
造成,1
消防车,1
奴才,1
詹姆斯,1
美军,1
士兵,1
功力,1
当奴才,1
同志,1
延迟,1
网络,1
生病,1
粉,1
出道,1
员,1
男朋友,1
项目,1
参加,1
一不小心,1
不错,1
胖,1
报到,1
分之一,1
支付宝,1
一块,1
捐,1
一块钱,1
催生,1
想着,1
人口,1
慢,1
率,1
集合,1
愿望,1
好成绩,1
人日,1
暴富,1
逢,1
排在,1
亲,1
游,1
跟着,1
宝石,1
翡翠,1
成为,1
旅游网,1
万塔,1
建交,1
团团,1
快点,1
年味,1
团团圆圆,1
全面,1
新农村,1
约谈,1
走向,1
组织,1
寒,1
公平,1
投诉,1
令,1
失望,1
扣押,1
善款,1
甜美,1
唱,1
好好听,1
感谢费,1
服务,1
打到,1
由美,1
出租车,1
热情,1
选择,1
加钱,1
调度,1
尊重,1
内政,1
皆知,1
受访,1
经济发展,1
俄罗斯,1
经济,1
纸牌屋,1
俄国,1
全,1
忠孝,1
特意,1
落泪,1
煽情,1
变通,1
幸,1
鸦,1
牛肉,1
回锅肉,1
措施,1
尽快,1
P,1
兄弟,1
传染给,1
病源,1
目前,1
万幸,1
不幸,1
确认,1
场面,1
幸运,1
相遇,1
免费,1
营救,1
最快,1
硬道理,1
苏浙,1
水煮,1
感谢您,1
民族,1
于老,1
成就,1
惯,1
特朗普,1
搞好,1
中美合作,1
有利于,1
共生,1
越少,1
短时,1
意思,1
越短,1
辞职,1
有点,1
震惊,1
一年到头,1
反复,1
头,1
夜读,1
往常,1
意念,1
身材,1
灰,1
动,1
太胖,1
果断,1
解决方案,1
国,1
祝祖国,1
香港,1
珍惜,1
正能量,1
发自内心,1
Vlog,1
嘴,1
团,1
牛,1
流火,1
望远镜,1
观察,1
有情人,1
脑子,1
主星,1
心宿,1
夜空,1
红火,1
情节,1
您们,1
为人,1
俗,1
诺,1
杀,1
国庆,1
宇,1
小说,1
班,1
桌,1
慈善机构,1
口袋,1
唏嘘,1
郭美美,1
吃人不吐骨头,1
可恨,1
收回,1
走后门,1
防止,1
腐败,1
实在,1
害群之马,1
自发,1
参与,1
共同,1
祖国统一,1
稳定,1
共识,1
两岸关系,1
侵犯,1
不止,1
鼓励,1
一味,1
精神,1
直往,1
工,1
姓名,1
新鲜,1
Twins,1
广东地区,1
烘托,1
戴好,1
出门,1
相比,1
>,1
传人,1
做好,1
预防措施,1
菜场,1
治好病,1
病例,1
暴露,1
人人,1
良心,1
骗子,1
诈骗罪,1
难过,1
利益,1
共同体,1
医闹,1
挂号,1
支持,1
严打,1
怨气,1
其实,1
特地,1
吵醒,1
平凡,1
初心,1
老爷子,1
坚守岗位,1
职工,1
真,1
敬业,1
人生,1
贪官,1
腐,1
热度,1
牺牲,1
辅警,1
愿,1
公安干警,1
保障,1
真正,1
连续,1
无穷无尽,1
刚开始,1
算不算,1
楼外,1
龙岩,1
民政局,1
好日子,1
连连,1
duck,1
不必,1
现场,1
成功,1
操纵,1
汇率,1
本来,1
评头论足,1
协议,1
阶段,1
加,1
战场,1
到达,1
信口开河,1
反讽,1
导师,1
圈子,1
钢笔,1
分开,1
有时候,1
不让,1
以前,1
追责,1
办案,1
里,1
追究,1
如今,1
积累,1
单纯,1
微博,1
朋友圈,1
删,1
好友,1
跟党走,1
坚决,1
使命,1
BGM,1
问题,1
歌,1
哥,1
李志,1
李先生,1
市民,1
背景音乐,1
领导,1
增加,1
决定,1
觉得,1
风范,1
大清,1
腿脚,1
辱骂,1
拘留,1
刑拘,1
强奸,1
判刑,1
当天,1
一直,1
补偿,1
工地,1
他杀,1
父亲,1
社会,1
申请,1
国家赔偿,1
女生,1
害死,1
毫无意义,1
罪犯,1
乱,1
典型,1
智商,1
二踢脚,1
肉眼,1
父爱,1
心疼,1
女孩,1
河南,1
上心,1
双休日,1
落地,1
可耻,1
冰川,1
颠覆,1
吐,1
出神入化,1
设立,1
马屁,1
整顿,1
血汗,1
把关,1
不严,1
人文地理,1
丢人,1
泪,1
回老家,1
不出,1
今年过年,1
嫁人,1
孤单,1
放弃,1
-,1
倒下,1
死,1
旱,1
拿来,1
厕所,1
倒进,1
炒,1
不好,1
差,1
睡觉,1
高中党,1
残害,1
羡慕,1
眼光,1
道友,1
带着,1
壮美,1
中华,1
林,1
放下,1
近,1
产生,1
接,1
烦,1
情,1
最长,1
四月,1
读完,1
砖,1
猪年,1
爸妈,1
国防科技大学,1
凑数,1
国防科大,1
帅,1
不帅,1
单身,1
扎实,1
必然,1
前途,1
One,1
China,1
选举,1
大势,1
台湾省,1
脱口秀,1
康,1
小品,1
闪光,1
少女,1
戏曲,1
广权,1
团聚,1
平常,1
铁路,1
父慈子孝,1
上课,1
下回,1
出,1
辅导,1
用得,1
爬山,1
沙漠,1
通话,1
贵,1
大海,1
驴友,1
类似,1
森林,1
度假,1
民主,1
山火,1
静好,1
默默,1
生命,1
早,1
蹲,1
都中,1
庆生,1
安,1
无聊,1
叨叨,1
过后,1
国是,1
小国,1
县城,1
挣着,1
万事,1
报报,1
钻石,1
闪亮,1
往往,1
统一,1
早日,1
求同存异,1
对联,1
看错,1
爱情,1
结了婚,1
挺,1
邮票,1
购买,1
影响力,1
好棒,1
好好看,1
生肖,1
凑齐,1
码,1
查封,1
封房,1
付出代价,1
突然,1
亲戚朋友,1
亲戚,1
攀比,1
混,1
烂,1
之前,1
死不认错,1
自残,1
孝子,1
最高,1
领袖,1
受害,1
加大力度,1
银行,1
干什么,1
老虎,1
高位,1
人命,1
擦,1
伊朗人,1
想不到,1
交,1
黑匣子,1
经历,1
平时,1
学点,1
太不容易,1
大学,1
高考,1
活,1
南宁,1
disco,1
改编,1
摸头,1
劲,1
左手,1
右手,1
建军,1
王强,1
滕梓,1
言情小说,1
女孩子,1
老太太,1
璇,1
苏墨白,1
好酷,1
便是,1
毁灭,1
上去,1
订,1
支付,1
呼吁,1
欠薪,1
施工单位,1
拖欠工资,1
白敬亭,1
春联,1
窗花,1
小白,1
开奖,1
手写,1
复刻版,1
绝缘体,1
中奖,1
科学家,1
健康长寿,1
先锋,1
前进,1
实至名归,1
自豪,1
提款机,1
回国,1
出国,1
我家,1
要钱,1
取款机,1
你好,1
王力宏,1
床,1
墙,1
敢,1
贪,1
纳税,1
魏忠贤,1
官有多,1
人人平等,1
实用,1
直接,1
分享,1
记住,1
课堂,1
警察,1
位置,1
不动,1
不再,1
用人单位,1
落实,1
派,1
养生,1
浙江,1
l,1
救治,1
左边,1
一起来,1
带不带,1
批假,1
推广,1
尤其,1
年龄,1
是否,1
用工,1
到家,1
之内,1
圣地,1
统计,1
属于,1
照片,1
按住,1
众议院,1
推,1
军事法庭,1
根本,1
有利,1
贱,1
爆发,1
最终,1
冠状病毒,2
刷新,2
排,2
没了,2
买不到,2
原地,2
父母,2
市场,2
求,2
学生,2
机场,2
坐,2
开学,2
biss,2
只能,2
医疗,2
正常,2
福建,2
不要,2
提醒,2
路,2
爸,2
预防,2
重视,2
普及,2
保护,2
问责,2
得到,2
勇敢,2
完了,2
学校,2
最爱,2
还好,2
回家过年,2
关键,2
早上好,2
早安,2
处理,2
很久,2
医护人员,2
专家,2
钟南山,2
传播,2
救命,2
名字,2
补药,2
中福,2
忙,2
新年快乐,2
出现,2
中的,2
Good,2
鼠年,2
回复,2
节奏,2
收钱,2
及时,2
本事,2
特,2
Ｇ,2
家里,2
语气,2
奖品,2
动物,2
考拉,2
作风,2
指挥,2
硬骨头六连,2
年夜饭,2
坚守,2
总比,2
棒,2
玩,2
新的,2
理解,2
题,2
干净,2
山,2
致命,2
提前,2
看成,2
开进,2
拒绝,2
到来,2
放心,2
看来,2
影响,2
征信,2
好看,2
怕,2
安全,2
处理结果,2
太和殿,2
信,2
谣言,2
相信,2
个人,2
了解,2
转发,2
准备,2
国宝,2
车进,2
不用,2
手机,2
在家,2
故宫博物院,2
今天,2
明天,2
忧伤,2
工作,2
相关,2
特权,2
小朋友,2
身,2
错,2
姐,2
哥哥,2
尊严,2
时代,2
中国航天,2
需,2
全球,2
山东,2
日子,2
科普,2
称,2
流行,2
政府,2
山上,2
天地,2
严禁,2
除夕,2
只想,2
想要,2
打卡,2
结婚,2
实现,2
相互,2
打麻将,2
一家人,2
表白,2
歌声,2
美丽,2
全世界,2
这不,2
居然,2
越来越,2
苦,2
湘菜,2
鲁菜,2
救,2
合作,2
力,2
国之,2
共赢,2
少,2
做,2
进入,2
发言,2
外交,2
现实,2
建国,2
同学,2
利用,2
慈善,2
权利,2
重要,2
政策,2
困,2
手,2
年味儿,2
更加,2
机构,2
陪陪,2
开门,2
年代,2
智慧,2
海棠,2
期末,2
生活,2
不该,2
正义,2
青春,2
心中,2
崩溃,2
从严治党,2
不忘,2
找,2
奶奶,2
老百姓,2
家长,2
遇事,2
决,2
厉害,2
越,2
是不是,2
台独,2
看着,2
肉,2
催,2
贪污,2
老年痴呆,2
有钱,2
月,2
回来,2
上交,2
央视,2
期待,2
子,2
关系,2
鸡飞狗跳,2
卫星电话,2
收获,2
高,2
小伙伴,2
张若昀,2
科技,2
乘客,2
无辜,2
上海银行,2
舔,2
回家路上,2
怎能,2
广东,2
农民工,2
拖欠,2
受贿,2
执行,2
企业,2
卫视,2
不吃,3
再,3
平安,3
大学生,3
身体,3
年货,3
宣传,3
信息,3
终于,3
价格,3
GG,3
配图,3
抢,3
自律,3
挤,3
漂亮,3
主席,3
过年,3
军人,3
开车,3
提,3
欢迎,3
头发,3
开心,3
可怜,3
宾利,3
孙杨,3
哪天,3
继续,3
钱,3
晚安,3
严肃处理,3
看看,3
差点,3
刚,3
看到,3
容易,3
加班,3
假期,3
等待,3
吐槽,3
不容,3
工资,3
好像,3
对象,3
保护环境,3
妈,3
消防通道,3
早就,3
可能,3
消防员,3
脊梁,3
新闻,3
共建,3
美好,3
发言人,3
伟大,3
学术,3
换,3
喜欢,3
牢记,3
假,3
独生子女,3
量子,3
问,3
完,3
必须,3
老赖,3
体,3
疫情,4
人员,4
控制,4
推迟,4
最后,4
短信,4
戴,4
谢谢,4
一起,4
中医,4
人民,4
注意,4
奔,4
时间,4
春节,4
身体健康,4
医生,4
成,4
太棒,4
爱,4
考试,4
好听,4
不了,4
朱一龙,4
工作者,4
工作人员,4
抓,4
放假,4
刘涛,4
认识,4
通信,4
收藏,4
迟到,4
写,4
伊朗,4
野味,5
发国难财,5
需要,5
心,5
车,5
更,5
停留,5
应该,5
发,5
g,5
真好,5
医护,5
妈妈,5
中,5
感觉,5
最好,5
好好,5
原则,5
器材,5
孩子,5
吃,6
现在,6
地方,6
不能,6
今年,6
说,6
优秀,6
太美,6
事件,6
太,6
会,6
送,6
美国,6
哭,6
挺住,7
口罩,7
刷,7
建议,7
死刑,7
请,7
买,7
已经,7
国家,7
查,7
老师,7
可爱,7
知道,7
单位,7
以后,8
英雄,8
事情,8
想去,8
川菜,8
不会,9
武汉,9
真的,9
字,9
祖国,10
开,11
大大,11
想,11
致敬,12
没,13
中国,13
加油,15
没有,18
希望,19
故宫,20
回家,20
辛苦,22
,25
G,65
