牛批,1
湖南人,1
喝到,1
职工,1
补偿,1
企业,1
液氧,1
伸手,1
小嘴,1
形式主义,1
马书记,1
挨打,1
钉上,1
失职,1
金腰带,1
评分,1
当官,1
救治,1
抓,1
不知,1
宿舍,1
掌握,1
阴性,1
院,1
张笑春,1
搞不懂,1
够,1
患者,1
表示,1
敌人,1
心甘情愿,1
模样,1
爱情,1
毒王,1
叶,1
日报,1
报纸,1
高尚,1
瓜,1
石景山,1
官微,1
神农架,1
阴阳怪气,1
付出,1
一对一,1
碗,1
卡住,1
上报,1
给钱,1
慰问,1
谎言,1
掩盖,1
方式,1
预警,1
有理有据,1
并不,1
千万别,1
zhi,1
国,1
博主,1
感情,1
包容,1
文化,1
湖北省委,1
眼睛,1
兜底,1
清醒,1
成语,1
真话,1
恨,1
讲话,1
称为,1
豪,1
抢救,1
碎,1
心中,1
叹息,1
医者,1
民众,1
棒棒,1
柴,1
删,1
根本,1
驾驶员,1
夜,1
醒来,1
有意思,1
全程,1
谣言,1
生活,1
牺牲,1
小时,1
债,1
真理,1
--,1
狗,1
重要,1
官媒,1
精选,1
感谢,1
善后,1
被删,1
欠,1
群,1
播出,1
难过,1
最亮,1
星,1
终究,1
等待,1
临床,1
走完,1
药物,1
抗病毒,1
生命,1
好人,1
坏人,1
孝感市,1
分不清,1
喉舌,1
居然,1
羡慕,1
管控,1
服药,1
网络,1
娘,1
连称,1
居心,1
音,1
duck,1
不必,1
错,1
老太,1
热门,1
后来,1
提醒,1
水,1
张口,1
读,1
AI,1
认错,1
坚决,1
稿,1
念,1
关着,1
个头,1
无法,1
推,1
实行,1
小区,1
同城,1
堆,1
揭不开锅,1
合计,1
线下,1
招聘,1
勇士,1
感恩,1
古代,1
劫取,1
开除党籍,1
任职,1
熟悉,1
扣下,1
缺钱,1
意思,1
周所,1
干衣机,1
季节,1
扑面而来,1
新风,1
责任心,1
养,1
普及,1
破门而入,1
利用,1
朋友圈,1
好友,1
妖魔鬼怪,1
改签,1
原价,1
大几,1
咋办,1
出不去,1
补上,1
宁波,1
厚颜无耻,1
从未见过,1
理,1
岂,1
救命,1
做错,1
封闭,1
哔,1
面子,1
顶风作案,1
开课,1
敢,1
校,1
传授,1
怪谁,1
铁路,1
国务院,1
民航,1
自圆其说,1
掀,1
臭,1
不要脸,1
越权,1
手拉手,1
底,1
客运,1
头疼,1
公交车,1
小孩子,1
单纯,1
温情,1
仓,1
舞台,1
让给,1
记牢,1
武统,1
楚云飞,1
云龙,1
台湾省,1
真不,1
自认,1
自信,1
无良,1
形象,1
三亚市,1
疾控中心,1
闭一只眼,1
中美关系,1
内容,1
地上,1
三观,1
时代,1
遮遮掩掩,1
在线,1
战胜,1
征用,1
缺德,1
还给,1
内江,1
进来,1
凶,1
小心,1
么欠,1
樱木花道,1
占,1
违理,1
国外,1
摊上,1
气愤,1
嚣张,1
国庆,1
虚伪,1
采购,1
官方,1
重庆政府,1
箱,1
@,1
证明了,1
航母,1
吐口水,1
痛苦,1
年度,1
掉,1
流泪,1
明显,1
求助无门,1
似乎,1
局势,1
轻症,1
珍贵,1
扣钱,1
请举手,1
整,1
调整,1
费,1
不怕死,1
变形金刚,1
带入,1
起步,1
外出,1
无人机,1
打牌,1
南阳,1
操,1
实处,1
独立,1
商铺,1
冬天,1
雪,1
天下,1
往后,1
儿子,1
患病,1
风险,1
消毒,1
洁厕灵,1
易燃,1
防范,1
珍,1
昨天,1
转发,1
卖假,1
丧,1
杀一儆百,1
罚,1
重新,1
实锤,1
涿州,1
关进去,1
配合,1
调查,1
惊弓之鸟,1
成,1
医闹,1
公共安全,1
假期,1
神经病,1
放出,1
通告,1
表现,1
方面,1
后来者居上,1
左右,1
北京人,1
橡胶,1
手套,1
班长,1
小组,1
担心,1
刷起来,1
送来,1
易班,1
空间,1
阿古,1
来劲,1
不许,1
发誓,1
课,1
不太好,1
渐渐,1
段子,1
密切接触,1
中奖率,1
太高,1
超过,1
动情,1
不负责任,1
处死,1
引,1
戒,1
处处,1
勤,1
想买,1
洁癖,1
能够,1
答,1
后勤保障,1
随州,1
护士节,1
累,1
统计,1
行不行,1
严惩不贷,1
阳泉,1
活着,1
md,1
天诛地灭,1
那就多,1
要钱,1
革命,1
再忙,1
办法,1
煤医,1
混淆视听,1
殡葬,1
牛逼,1
省里,1
用不上,1
建立,1
腿,1
不算,1
见,1
分院,1
醒一醒,1
衡水,1
唐山,1
作孽,1
特殊,1
抱抱,1
neng,1
天全,1
从上到下,1
抗病,1
闭嘴,1
大佬,1
保证,1
洗澡,1
洗头,1
价值,1
市民,1
看好,1
看清楚,1
研制成功,1
艹,1
研,1
延后,1
中考,1
月份,1
周出,1
失去,1
帐,1
研究,1
假造,1
造,1
会计,1
算账,1
大人,1
进,1
敬礼,1
憋死,1
顶住,1
头像,1
准备,1
风调雨顺,1
出汗,1
阻,1
累计,1
累死,1
发现,1
解放军,1
凯旋,1
凯旋归来,1
深思,1
帅,1
说好,1
必死,1
解散,1
有效,1
赞,1
细致,1
名义,1
才是真,1
防治,1
奋战,1
生气,1
湿巾,1
住址,1
未,1
通途,1
共渡难关,1
民族英雄,1
滑,1
截,1
说啥,1
管到,1
得病,1
水源,1
排泄物,1
隔,1
旗,1
走亲访友,1
永远都是,1
记忆,1
多说无益,1
后脚,1
N,1
新人,1
侮辱,1
智商,1
编,1
神奇,1
饭,1
踢皮球,1
听不见,1
真实,1
吵,1
吵到,1
责任,1
款物,1
处,1
该当何罪,1
狗官,1
国难财,1
面临,1
弄,1
吃不消,1
一波又起,1
一波未平,1
心态,1
凑,1
别问,1
后人,1
哀,1
谢罪,1
蹦极,1
相关,1
送去,1
惊天,1
恐,1
喊,1
原博,1
气,1
受过,1
盖世英雄,1
顶着,1
危险,1
群众,1
W,1
问问,1
切,1
A,1
下面,1
不想,1
前来,1
救助,1
装,1
直达,1
屁,1
现形记,1
突然,1
打工仔,1
听命于,1
蹲,1
煽情,1
客观,1
开除,1
绣花针,1
躺在,1
罪人,1
n,1
配戴,1
追,1
吐出来,1
差,1
配不上,1
正儿八经,1
想不通,1
失眠,1
穿小鞋,1
打压,1
得罪,1
管不了,1
顶起,1
动车,1
拼命,1
急需,1
考虑,1
新店,1
世界各地,1
路径,1
恐慌,1
秦皇岛,1
说什么,1
看不见,1
实时,1
歌手,1
太久,1
负责任,1
闪,1
群起而攻之,1
蓬佩,1
棒槌,1
华人,1
敢不敢,1
满足,1
力,1
拉下去,1
官场,1
上演,1
清热解毒,1
抑制,1
协和医院,1
下次,1
护送,1
暴露,1
答非所问,1
回答,1
答复,1
确实,1
足,1
正事,1
唐志红,1
回事,1
做假账,1
求实,1
表,1
态,1
先查,1
泪水,1
支持,1
总算,1
武汉协和医院,1
拨款,1
一边,1
变成,1
白甜,1
黄冈市,1
光,1
怪,1
中间商,1
复制粘贴,1
说了算,1
受赠人,1
总会,1
慈善,1
国际红十字会,1
要求,1
态度,1
心眼,1
烂透,1
老子,1
分配,1
蒙自,1
基金会,1
货物,1
红十字基金会,1
治愈,1
最重要,1
延几天,1
红色,1
俄罗斯,1
想去,1
好感,1
别怪,1
一问三不知,1
摇头,1
不信,1
气得,1
失误,1
工作失误,1
使用,1
吃不起,1
包,1
获赠,1
还款,1
祖国,1
接回,1
初,1
5月,1
力量,1
开玩笑,1
铁了心,1
详细信息,1
复制,1
全民,1
重于,1
牢,1
肺,1
可悲,1
不惧,1
见不得人,1
严禁,1
收寄,1
交易,1
严格,1
疼,1
民族,1
亲人,1
没有人,1
误导,1
导致,1
青年人,1
投稿,1
看不懂,1
几个字,1
总是,1
阅读,1
发在,1
下去,1
平民愤,1
人数,1
各县区,1
场所,1
滚,1
盼到,1
磕,1
瓜子,1
见见,1
娃子,1
管理,1
专业,1
有恃无恐,1
不早,1
一枝独秀,1
开班,1
不一定,1
高中生,1
心脏,1
可行,1
年级,1
授课,1
保证质量,1
神仙,1
内涵,1
过来,1
有趣,1
可防,1
跑出去,1
了了,1
感人,1
满,1
单独,1
战斗,1
蘑菇,1
放在,1
地下室,1
查查,1
拱,1
花,1
太假,1
血汗钱,1
雷,1
有备无患,1
更好,1
便宜,1
丧尽天良,1
脑,1
关一年,1
无异于,1
谋杀,1
省吃俭用,1
躲猫猫,1
稳定,1
农民,1
回到,1
党员,1
山上,1
哄抬物价,1
行踪,1
报,1
照片,1
肺科医院,1
孙燕姿,1
匿名,1
有心,1
偶像,1
唱,1
白,1
阳光,1
抵挡不住,1
游戏,1
没了,1
鸡屁股,1
图,1
眼睁睁,1
寻,1
挖掘机,1
恨自己,1
叉,1
动动,1
伙伴们,1
下半夜,1
荣幸,1
好报,1
大事,1
听说,1
必胜,1
谢,1
状况,1
前期,1
正常,1
爆发,1
闯,1
奉献,1
户口本,1
笼子,1
关进,1
紧张,1
心底,1
赢,1
密度,1
骑车,1
现实,1
窗,1
新纪录,1
史上,1
招待,1
具体位置,1
西双版纳,1
买了,1
人性化,1
停运,1
票,1
取,1
学年,1
心情,1
港台,1
日韩,1
存在,1
缺货,1
出此下策,1
极限,1
只不过,1
蓝,1
我行我素,1
劝,1
亲戚朋友,1
族群,1
两声,1
挑,1
空降,1
警察,1
脸红,1
热心,1
追不上,1
小偷,1
逃出,1
聚集,1
聚会,1
指不定,1
胡乱,1
搁,1
好样,1
正名,1
院士,1
猛,1
今后,1
倒闭,1
分布,1
不配,1
建,1
近,1
停,1
一停,1
毒品,1
大忙,1
带过,1
司机,1
欲望,1
世间,1
老,1
谢谢钟,1
不辞辛苦,1
闲,1
加上,1
说话,1
娱乐节目,1
减少,1
视为,1
言论,1
决定,1
四川人,1
麻将机,1
麻将,1
前天,1
太大,1
研究生,1
接,1
战士,1
勇猛,1
保重,1
工作者,1
语言,1
说动,1
劳资,1
好多钱,1
损失,1
停业,1
夜店,1
该死,1
带花,1
冠,1
能量,1
气氛,1
迷恋,1
能看懂,1
无奈,1
被逼,1
奖,1
操作,1
泄露,1
账号,1
郑州,1
跪下,1
少林寺,1
武当,1
脑瓜子,1
河南人,1
封晚,1
友,1
能动,1
香蕉,1
实话实说,1
穷,1
拥有,1
手把,1
八方支援,1
云南省,1
发达,1
人民日报社,1
死人,1
地广人稀,1
净土,1
食宿,1
产生,1
自费,1
没事,1
负担,1
添麻烦,1
购买,1
出钱,1
出行,1
程,1
旅客,1
股票,1
开市,1
年前,1
投,1
编好,1
云,1
工程,1
狂魔,1
罩,1
您们,1
承受不住,1
借点,1
帮帮,1
乖,1
援助,1
输出,1
讲,1
早日康复,1
服务态度,1
抗争,1
行业,1
见识,1
睡得,1
编辑,1
文稿,1
准确,1
开放,1
心扉,1
桂林,1
妈呀,1
自觉,1
枪毙,1
资质,1
报名,1
嗷,1
补课,1
高考,1
高三党,1
先苦后甜,1
磨难,1
历经,1
案底,1
大过年,1
泡,1
要人,1
没事儿,1
够用,1
已阅,1
注意安全,1
想想,1
放假,1
之前,1
军人,1
荆州,1
好啦,1
华南,1
最爱,1
男孩,1
枪,1
挡,1
不该,1
同志,1
市长,1
露面,1
局面,1
当初,1
发烧,1
可不,1
异常,1
测,1
无症状,1
年龄,1
孩子们,1
放过,1
病情,1
祟,1
奶粉,1
飞鹤,1
通知,1
幼儿园,1
西,1
原平,1
对手,1
国际化,1
程度,1
经历,1
批发市场,1
聚集性,1
深入基层,1
留学生,1
2月,1
面试,1
计算机,1
考求,1
居家,1
流动,1
在外,1
互,1
掐,1
防人,1
同胞们,1
表示同情,1
棒,1
找,1
住进,1
要到,1
黑色,1
自信心,1
青,1
打篮球,1
带走,1
爪,1
年头,1
人祸,1
伊朗,1
礼尚往来,1
Really,1
瘟疫,1
欢迎,1
感,1
昆明,1
环境,1
云南人,1
瑞丽,1
芒市,1
几粒,1
围堵,1
是从,1
理智,1
口,1
欢,1
国人,1
损失惨重,1
远远,1
国际形象,1
不住,1
快撑,1
科比,1
凌晨,1
榜,1
看球,1
幸运,1
晚起,1
尽早,1
沉着,1
自裁,1
生产能力,1
国航,1
履历,1
复杂,1
批文,1
发抖,1
上班族,1
瞻仰,1
rmb,1
想要,1
舆情,1
去哪儿,1
避免,1
不大,1
武汉市委,1
用药,1
流离失所,1
有用吗,1
那都,1
档,1
党中央,1
背,1
一把手,1
贺电,1
汤,1
没想到,1
千年,1
扶贫,1
规范,1
长,1
教训,1
hbzf,1
天大,1
中午,1
想尽,1
摸着,1
护目镜,1
统一,1
服,1
有啥,1
宝贝,1
我们学校,1
邻省,1
红头文件,1
倡议,1
境内,1
文山,1
赣州,1
标出来,1
记,1
D,1
蔓延,1
早就,1
封省吧,1
迎来,1
今天下午,1
漂亮,1
深厚,1
好日子,1
结婚,1
不起眼,1
擦肩而过,1
规定,1
安排,1
写字楼,1
食堂,1
没人,1
高中,1
工作岗位,1
专家建议,1
李健,1
象,1
毒,1
高人,1
赛跑,1
提前,1
携带,1
四川省,1
过瘾,1
粉墨登场,1
V,1
聋哑人,1
看错,1
SARS,1
消受,1
执政,1
快点儿,1
空城,1
几乎,1
龄,1
来年,1
敢看,1
守,1
机场,1
萧山,1
官博,1
青岛,1
全国高校,1
切断,1
传染源,1
大学生,1
返乡,1
云梦,1
嘲笑,1
完颜,1
迷惑,1
中药,1
下令,1
储备,1
令,1
拨云见日,1
长辈,1
挨,1
走亲戚,1
遍布,1
预产期,1
上下班,1
买菜,1
宣布,1
允许,1
私自,1
不畏,1
扰乱,1
奔波,1
回乡,1
环卫工人,1
自发,1
打电话,1
娘家人,1
想象,1
老爷,1
迎,1
家长,1
才两岁,1
串门,1
跨度,1
蒙语,1
县乡镇,1
村,1
关系,1
南充,1
涌入,1
小岛,1
温度,1
海南,1
开启,1
无关,1
聚,1
终生,1
湛江,1
完全,1
吓人,1
县市,1
周围,1
毫无,1
团结一心,1
大年初一,1
新年好,1
新年快乐,1
鼠年,1
吉祥,1
安,1
请求,1
whzf,1
紧要,1
关头,1
海南省,1
跟得上,1
最美,1
装备,1
球,1
上网,1
紧缺,1
盼,1
好不好,1
江苏,1
出租车,1
值班,1
做事,1
呼吁,1
低下,1
付出代价,1
母亲,1
名字,1
同事,1
解释一下,1
说法,1
初一,1
考试,1
中老年,1
严控,1
挂,1
加大,1
贵州人,1
放心,1
还好,1
c,1
熬,1
躺着,1
更多,1
几位,1
用具,1
平台,1
戳,1
南昌,1
下课,1
藏,1
济南,1
懂不懂,1
慢,1
沫,1
朝医生,1
车站,1
福州,1
福建省,1
成功,1
老铁,1
点亮,1
外,1
莫斯科,1
鼠疫,1
大型活动,1
冰雪,1
觉得,1
如实,1
起床,1
没醒,1
满分,1
国际,1
不急,1
提问,1
红纸,1
迟迟,1
巩瑜,1
新的,1
好看,1
老公,1
搞得,1
自行,1
不推迟,1
教室,1
信,1
可不可以,1
流量,1
艺人,1
主持人,1
控,1
不可理喻,1
顺便,1
提,1
娱乐,1
农村,1
炸,1
县,1
措施,1
市县,1
离开,1
定会,1
不晚,1
过后,1
太慢,1
跑到,1
周边城市,1
飞机,1
有可能,1
唐探,1
时刻,1
好片,1
樱花,1
阜阳,1
年老,1
当前,1
偷,1
差不多,1
全家,1
留给,1
私下,1
讨论,1
在座,1
年夜饭,1
饭店,1
血书,1
爷,1
古,1
稳住,1
不适,1
不夜城,1
定,1
长安,1
出事,1
点心,1
不以为然,1
新城,1
游学,1
下午,1
徐州,1
擦屁股,1
青海,1
大湖,2
厉害,2
老板,2
回,2
有钱,2
历史,2
技能,2
高三,2
判,2
呆,2
最后,2
非常,2
家人,2
头,2
刻意,2
想到,2
不好,2
考,2
-,2
要用,2
真相,2
评论,2
权利,2
下发文件,2
出现,2
愚昧,2
前面,2
悼念,2
故宫,2
大戏,2
永远,2
脑子,2
做到,2
明白,2
西方,2
分裂,2
黑龙江,2
位置,2
去世,2
热度,2
笑话,2
帮,2
愤怒,2
疫苗,2
美好,2
平反,2
仿佛,2
流感,2
路过,2
造谣者,2
互联网,2
下楼,2
烤鸭,2
天津,2
好惨,2
免职,2
委,2
抛弃,2
宠物,2
无语,2
妈妈,2
轨迹,2
遵义,2
信阳,2
断航,2
时期,2
竟然,2
学学,2
夫人,2
村里,2
兰州,2
出口,2
寒,2
早日,2
发展,2
继续,2
黑心,2
钻洞,2
河南,2
医护,2
很难,2
住院,2
揪心,2
痛心,2
聚众,2
最好,2
用到,2
来点,2
消毒液,2
动,2
良心,2
倾家荡产,2
保定,2
潜伏期,2
乱,2
害人害己,2
心慌,2
咳嗽,2
糙,2
比较,2
上课,2
强,2
当时,2
坐牢,2
买得到,2
科学家,2
资源,2
照顾,2
普通,2
前方,2
沧州,2
可算,2
爸爸妈妈,2
父母,2
都会,2
毕竟,2
很棒,2
尽量,2
蝙蝠,2
忘了,2
上岸,2
三月,2
资,2
有没有,2
目,2
泪,2
先烈,2
真是,2
新,2
国泰民安,2
强烈,2
天佑,2
到位,2
明天,2
人民解放军,2
太细,2
天哪,2
垃圾,2
林,2
伟大,2
眼泪,2
建设者,2
G,2
云监工,2
防,2
机长,2
负责人,2
撤,2
官员,2
车牌号,2
省份,2
家里,2
w,2
睡,2
带病,2
福利,2
中央,2
记者,2
团体,2
有点,2
郭美美,2
洁尔阴,2
避难,2
家属,2
建委,2
蔬菜,2
凭什么,2
韩红,2
透明,2
油,2
预防,2
校友会,2
武汉市,2
渎职,2
究竟,2
说起,2
国难,2
莆田,2
冻死,2
抱,2
醒,2
消息,2
乘客,2
谴责,2
完了,2
不好意思,2
抱歉,2
物质,2
命,2
收到,2
亲,2
地铁,2
没什么,2
发热,2
落款,2
笑,2
挺,2
干净,2
想问,2
监督,2
醒醒,2
陕西,2
不敢,2
以前,2
高龄,2
年轻,2
日期,2
骂人,2
传播,2
输入,2
收,2
瞒报,2
撑住,2
疑似,2
众志成城,2
苦,2
隔离病房,2
喜欢,2
反应,2
传人,2
休息,2
太少,2
狡猾,2
试剂盒,2
林俊杰,2
优秀,2
回去,2
取消,2
是不是,2
监工,2
胜,2
必,2
正月,2
挤,2
C,2
云南,2
航班,2
控制,2
蹭,2
湖北人,2
一方有难,2
亲戚,2
祸害,2
刷新,2
派出所,2
外面,2
李兰娟,2
哥哥,2
大草原,2
小汤山,2
团,2
大连,2
返程,2
谣,2
崩溃,2
沙雕,2
关,2
复试,2
浙江省,2
专,2
经济,2
哥,2
推广,2
城,2
影响,2
心疼,2
浙江人,2
防护服,2
意大利,2
余甜,2
海鲜,2
马上,2
留,2
子女,2
马国强,2
小孩,2
不封,2
单位,2
台湾,2
公务员,2
望都,2
人情,2
安静,2
一附院,2
逃出来,2
逃离,2
F,2
婴儿,2
春节,2
东北,2
公司,2
延长,2
太快,2
害怕,2
负责,2
封城,2
谁敢,2
摄影,2
不敢想,2
襄阳,2
天啊,2
住,2
之后,2
关注,2
魔幻,2
省市,2
办,2
乡下,2
馆,2
关闭,2
不在乎,2
春晚,2
周边,2
贵州,2
麻丘,2
难道,2
伤,2
荆门,2
书院,2
一闪而过,2
地级市,2
健康,2
跑出,2
观察,2
抹去,3
听得,3
重灾区,3
充足,3
交代,3
老师,3
其实,3
真好,3
工作,3
一起,3
恶魔,3
不往,3
声音,3
麻烦,3
帮助,3
必要,3
故意,3
广州,3
玩,3
小城,3
凶手,3
解药,3
解决,3
走好,3
哈尔滨,3
好像,3
美国,3
道歉,3
太多,3
人间,3
告诉,3
酒精,3
丢,3
自责,3
孝感,3
毕业生,3
惨,3
本来,3
中,3
一生,3
伤害,3
社区,3
机票,3
发布,3
北,3
记得,3
巴郡,3
国民,3
不要命,3
政策,3
行动,3
一定会,3
算,3
世界,3
个人,3
是否,3
县城,3
床位,3
只想,3
请用,3
每天,3
假,3
无所谓,3
不用,3
网,3
学,3
可爱,3
车次,3
条件,3
愿,3
聚餐,3
黄冈,3
药店,3
数,3
写,3
成绩,3
骂,3
前线,3
祝福,3
安全,3
目前,3
能力,3
晚,3
防护,3
详细,3
书记,3
病例,3
车,3
问,3
人心,3
没啥,3
员工,3
鸡,3
双黄连,3
紧,3
不放,3
卖,3
坏,3
彻查,3
专家,3
越来越,3
原来,3
供应,3
红会,3
线,3
蛀虫,3
接受,3
身上,3
裁缝,3
推迟,3
医,3
立法,3
举报,3
他妈,3
酱,3
恭喜,3
霸气,3
医务人员,3
B,3
情绪,3
齐聚,3
热,3
出,3
散,3
钟老,3
出去,3
硬核,3
回来,3
我国,3
市场,3
拒绝,3
岛,3
病人,3
文件,3
适当,3
东,3
吉林,3
老年人,3
活,3
演出,3
人来人往,3
酒席,3
人口,3
急,3
肯定,3
通报,3
团拜,3
接下来,4
憨,4
不够,4
月,4
可控,4
学校,4
结束,4
死刑,4
评,4
事情,4
福建,4
节奏,4
成为,4
怕,4
看见,4
李医生,4
奇迹,4
问题,4
配,4
央视,4
今年,4
少,4
工作人员,4
发国难财,4
直接,4
发给,4
地区,4
换,4
回家,4
哭,4
只能,4
同胞,4
缺,4
到处,4
身体,4
先,4
冠状病毒,4
人群,4
活该,4
出院,4
管不住,4
关键,4
快,4
协和,4
归来,4
新余,4
看到,4
雷神,4
拜托,4
可怕,4
疫区,4
尼玛,4
严查,4
捐赠,4
妈,4
查,4
仓库,4
干嘛,4
具体,4
数字,4
造成,4
非典,4
省,4
求求,4
野生动物,4
救救,4
天天,4
卧槽,4
害,4
落实,4
辽宁,4
启动,4
拜年,4
电影,4
容易,5
更,5
学生,5
领导班子,5
听,5
理解,5
人员,5
对不起,5
社会,5
老百姓,5
人民日报,5
可能,5
上海,5
里,5
保护,5
症状,5
省长,5
好好,5
新闻,5
期待,5
情况,5
作业,5
扣,5
退,5
退票,5
蠢,5
黄石,5
买到,5
内蒙,5
接触,5
防控,5
中医,5
红十字,5
响应,5
见证,5
求,5
账目,5
早,5
香港,5
生命危险,5
神山,5
全,5
新疆,5
重视,5
空投,5
更新,5
团拜会,5
进去,6
以后,6
判刑,6
上学,6
感动,6
微博,6
医疗,6
广东,6
传染,6
事,6
例,6
事件,6
增,6
报道,6
城市,6
公布,6
平安,6
黑,6
1月,6
山,6
红,6
广西,6
观看,6
需要,6
乱跑,6
武汉人,6
总理,6
zf,6
赶紧,7
复工,7
开,7
时间,7
东西,7
在家,7
开学,7
必须,7
隔离,7
钱,7
信息,7
速度,7
注意,7
不让,7
全国,7
爱,7
直播,7
坐,7
数据,7
看看,7
市,7
字,7
中华,7
到底,7
捐款,7
湖北省,7
增加,7
一直,8
不了,8
真,8
建议,8
走,8
刷,8
死,8
治疗,8
湖南,8
买,8
严惩,8
成都,8
再,8
快点,8
出门,8
钟南山,8
今天,8
山西,8
四川,8
干,8
送,8
老人,8
感觉,9
终于,9
心,9
英雄,9
biss,9
抄,9
严重,9
病,9
挺住,9
相信,9
带,10
应该,10
做,10
延期,10
肺炎,10
感染,10
已经,10
不查,10
不会,10
大学,10
宣传,10
国家,11
戴,11
地方,11
内蒙古,11
李文亮,12
网友,12
浙江,12
公开,12
谢谢,12
抢,12
搜,12
发,12
重庆,13
太好了,14
造谣,14
医生,14
确诊,14
西藏,14
太,14
北京,14
上班,14
安徽,14
领导,15
江西,15
隐瞒,16
一线,16
会,16
河北,16
延迟,17
致敬,17
不能,17
野味,17
好消息,18
人民,18
辛苦,18
山东,18
捐,20
不要,20
,20
跑,20
买不到,20
知道,21
吃,22
湖北,22
想,23
政府,25
疫情,25
医护人员,25
现在,27
请,27
没,29
中国,29
病毒,31
希望,31
大理,33
医院,33
真的,36
武汉,36
说,37
没有,45
口罩,49
红十字会,57
加油,73
物资,78
