被骗,1
流浪狗,1
当枪使,1
蟑螂,1
保卫,1
d,1
www,1
打着,1
犯罪团伙,1
根,1
状态,1
住着,1
茶茶,1
当成,1
勤,1
诈死,1
张振新,1
星象,1
许,1
震,1
@R,1
@TFBOYS-,1
老公,1
赏月,1
六月,1
男孩,1
祁同伟,1
执法,1
枪声,1
恐怖分子,1
激化,1
下次,1
主,1
博,1
图画书,1
图书,1
分母,1
尽力,1
发生,1
示威,1
州长,1
说啥,1
公共场合,1
听课,1
记笔记,1
范围内,1
很酷,1
具体措施,1
物业,1
不惯,1
吸过,1
卷烟,1
质疑,1
病史,1
相应,1
血衣,1
货,1
贱,1
注定,1
香甜,1
场面,1
国度,1
回顾,1
有意思,1
案发,1
锋,1
GDP,1
禁烟,1
时尚,1
做起,1
爸,1
成立,1
调查组,1
下文,1
回应,1
国之大,1
以人为本,1
一家亲,1
民族团结,1
ecfa,1
企图,1
获,1
算什么,1
原件,1
晕,1
亲眼看到,1
会费,1
洋装,1
前提,1
欣赏,1
炖,1
翟天临,1
作弊,1
捧,1
挡不住,1
接下来,1
暗示,1
疯狂,1
蒋介石,1
唆使,1
追星,1
名单,1
爱国,1
王晶,1
红姐,1
说话,1
余文乐,1
下手,1
认为,1
民主自由,1
阴招,1
从上到下,1
日期,1
试,1
圣火,1
子弹,1
反求诸己,1
武器,1
斗争,1
检验,1
上门,1
灰尘,1
天数,1
湖北籍,1
停车,1
污染物,1
排放,1
伏法,1
总裁,1
新城,1
鲍毓,1
明了,1
鲍某,1
也挺,1
很热,1
传染源,1
贺喜,1
无处可逃,1
实施,1
落地,1
狗急跳墙,1
暴徒,1
国安法,1
搅乱,1
梭梭树,1
蚂蚁,1
曾小贤,1
沙尘暴,1
努力奋斗,1
攀登,1
废话,1
不一定,1
错估,1
皮都,1
烧完,1
维护,1
国家主权,1
方针,1
创业,1
拼,1
看啊,1
切勿,1
镇压,1
权,1
似曾相识,1
国旗,1
践踏,1
没回,1
聊天,1
捍卫,1
独立,1
将要,1
逗,1
主人,1
医者,1
上辈子,1
怨气,1
没脑子,1
细则,1
动摇,1
拳,1
治本,1
致远,1
选项,1
决定,1
施行,1
形象,1
耳目一新,1
英文翻译,1
文化,1
打好,1
完成,1
签,1
逼着,1
断线,1
就业率,1
祖国统一,1
铿锵有力,1
一身正气,1
台独,1
望平安,1
两岸,1
冲击,1
变局,1
利国利民,1
用法,1
翻译,1
为民,1
一心,1
心系,1
莫名其妙,1
普遍,1
政审,1
味儿,1
专业,1
拉面,1
牛肉,1
心动,1
草,1
挣钱,1
招收,1
同胞们,1
噪,1
想见,1
抓紧,1
拖着,1
山东省教育厅,1
简化,1
拖累,1
用不上,1
捐献,1
老一辈,1
儿啊,1
扫,1
浪费,1
喂鱼,1
港人,1
曹雪芹,1
吴承恩,1
净,1
完结,1
盗版,1
创作自由,1
美洲,1
毒王,1
谱,1
见怪不怪,1
切记,1
夜不能寐,1
boom,1
糊弄,1
孟女士,1
坚定信念,1
奋勇向前,1
众,1
攀,1
向往,1
乌烟瘴气,1
牛鬼蛇神,1
去找,1
越多,1
聚会,1
销,1
圈钱,1
鼓励,1
诈,1
公摊面积,1
挑衅,1
奉陪到底,1
建在,1
村子,1
条件,1
不出,1
阅读,1
手续费,1
票务,1
考虑到,1
瞎扯,1
亏损,1
阴性,1
战斗不止,1
吃掉,1
八爪鱼,1
number,1
干净,1
偷拍,1
摄像头,1
针孔,1
性别,1
解放军,1
公共卫生,1
讲卫生,1
工伤,1
发问,1
痔疮,1
脊椎,1
讲,1
腰椎,1
择优录取,1
打扫,1
真晚,1
设,1
篇文章,1
读完,1
方案,1
完整,1
太委屈,1
鲍,1
无罪,1
正当防卫,1
应当,1
反抗,1
让步,1
民族服装,1
百看不厌,1
再一,1
风景迷人,1
民族特色,1
自驾,1
迷人,1
老黑,1
出口,1
古人,1
珍贵,1
节点,1
提高警惕,1
重蹈覆辙,1
加紧,1
当务之急,1
科学,1
吐,1
不容,1
扰,1
藏身,1
网民,1
阳光,1
权力,1
人人平等,1
面前,1
之后,1
能见,1
骂人,1
游戏吧,1
公众,1
公共场所,1
电梯,1
走走看看,1
出去,1
提名,1
真美,1
高以翔,1
艺人,1
绅士风度,1
及时,1
高高,1
卫视,1
太长,1
遥遥领先,1
打高尔夫,1
普总,1
冲出,1
要紧,1
降下来,1
基站,1
套餐,1
能用,1
优势,1
讲实话,1
永垂不朽,1
左权,1
公积金,1
平等待遇,1
一视同仁,1
漏,1
个人信息,1
早已,1
银行,1
推销,1
落在,1
收到,1
绑架,1
横,1
司法,1
风格,1
湖南卫视,1
合村,1
婚姻,1
合法化,1
依法治国,1
信访工作,1
桥梁,1
收看,1
取经,1
从化,1
跳下去,1
缭绕,1
基本上,1
高山流水,1
作品,1
队,1
国防军,1
认清形势,1
自救,1
质,1
提点,1
不同,1
健康状况,1
新科技,1
华为,1
影视剧,1
搞好,1
分级制,1
挡住,1
平昌,1
古,1
通航,1
嫌弃,1
兄,1
最终,1
追上来,1
治治,1
关几天,1
慎重,1
双方,1
奇怪,1
录,1
可取,1
考试成绩,1
智,1
立,1
难以,1
神,1
王毅真,1
领海,1
赶快,1
关到,1
凶手,1
矫正,1
有价值,1
产生,1
类型,1
小动物,1
招来,1
淘汰,1
顾客,1
市场,1
手拉手,1
广吉林,1
封杀,1
引导,1
煽动,1
粉丝,1
郁闷,1
榜样,1
三观,1
童模和,1
神奇,1
体育,1
中高考,1
生产力,1
加快,1
愿望,1
不断进步,1
短板,1
补齐,1
经济发展,1
撤销,1
婚姻法,1
冲动,1
官微,1
负,1
增,1
身体素质,1
未必,1
沈腾,1
办公室,1
别急,1
保持,1
常态化,1
家中,1
锻炼身体,1
对立,1
管理员,1
减负,1
祝愿,1
师傅,1
逃,1
小孩儿,1
国漫,1
垄断,1
保释金,1
跨跨,1
绳,1
技术活,1
跳,1
佛山,1
无影脚,1
算命,1
惊呆,1
没中,1
承受,1
产品,1
梨,1
贫困地区,1
农,1
买到,1
公益,1
话题,1
丧心病狂,1
源头,1
官方,1
好久没,1
可喜可贺,1
降到,1
降,1
很贵,1
股市,1
不切实际,1
着力点,1
好日子,1
房价,1
下功夫,1
说得好,1
共识,1
人民币,1
国债,1
赤字,1
来得,1
薪资,1
养老金,1
城镇居民,1
到群众中去,1
黑板,1
敲,1
公考,1
考研,1
结构,1
固化,1
屁话,1
晋升,1
百年大计,1
教育为本,1
模式,1
听出,1
心中,1
做主,1
饭碗,1
足食,1
国安,1
基础设施,1
用到,1
赞赞,1
导,1
初,1
带头,1
普通高校,1
分数线,1
本科,1
高职,1
扩招,1
追求,1
盲目,1
稳定性,1
安息,1
烈士,1
大会,1
唱着,1
跟唱,1
关乎,1
无异于,1
故意,1
浇水,1
抛物,1
监控,1
意愿,1
冒着,1
回校,1
西南财经大学,1
西财,1
留,1
一举一动,1
生育,1
台办,1
夹,1
倒背如流,1
船舶,1
选出,1
大众,1
征求,1
广电,1
否决,1
剧本,1
主见,1
白甜,1
无良,1
qj,1
年龄,1
肤浅,1
噪音,1
矛盾,1
冲突,1
预祝,1
与时俱进,1
伟大祖国,1
砸盘,1
稀里哗啦,1
A,1
今日,1
妈呀,1
口不择言,1
周知,1
新浪,1
ECFA,1
有用吗,1
惠台,1
喊,1
高风险,1
屁用,1
说好,1
帆,1
都有好,1
运气,1
心想事成,1
报考,1
拒,1
洗白,1
敏涛,1
气质,1
夫妇,1
惜,1
普通话,1
天天向上,1
联系,1
妹妹,1
管下,1
提上,1
房地产,1
进行时,1
促进,1
生日快乐,1
花房,1
姑娘,1
搞卫生,1
人人为我,1
花是种,1
李宇春,1
以色列,1
带到,1
蛇鼠,1
一窝,1
云海,1
慕容,1
物华天宝,1
人杰地灵,1
之城,1
仿佛,1
缺德,1
吃饱,1
撑,1
赏,1
女主播,1
银山,1
投票,1
无奇,1
星期三,1
周三,1
工作日,1
监管,1
不合理,1
评判,1
网络游戏,1
导航,1
迷宫,1
没用,1
都在飞,1
地图,1
住在,1
包,1
应得,1
新婚,1
古城,1
天高云淡,1
游玩,1
洗衣粉,1
弄得,1
环节,1
从重处理,1
官员,1
什么事,1
艺术家,1
氧气,1
珠峰,1
震撼,1
杰作,1
冰淇淋,1
中国银行,1
虚假,1
打工,1
无悔,1
祈祷,1
真是,1
首都国际机场,1
安心,1
女士,1
悔,1
尊敬,1
跳出,1
星,1
武警,1
辣菜,1
返贫,1
尚未,1
革命,1
说了算,1
基层干部,1
阶段,1
,1
@,1
立马,1
咋办,1
出人命,1
成网红,1
睡衣,1
真飘,1
窗帘,1
地位,1
想听,1
忽然,1
总有一天,1
感悟,1
滴,1
深厚,1
文化底蕴,1
好棒,1
作者,1
生气,1
有史以来,1
发言,1
听到,1
副总理,1
注射,1
怨,1
处于,1
警示,1
线索,1
有种,1
钱还,1
整好,1
最小,1
听音乐,1
挤,1
不听话,1
亵渎,1
势力,1
继承,1
乐高,1
玩具,1
建造,1
发明,1
地震,1
叻,1
弘扬,1
耐不住,1
躲,1
风,1
流向,1
放不下,1
分之一,1
骗人,1
奶粉,1
白旗,1
泡面,1
饥不择食,1
唱,1
扯开,1
仙境,1
壮观,1
爆棚,1
天灾人祸,1
思想,1
自食恶果,1
姚明,1
肚子,1
比例,1
逃课,1
连姚明,1
教练,1
憨厚,1
,1
静好,1
生长,1
庆幸,1
配备,1
发配,1
何在,1
保证,1
界碑,1
老兵,1
身体力行,1
巡边,1
救星,1
吵,1
欺骗,1
羟,1
氯喹,1
自我感觉,1
死不认错,1
指令,1
丧尽天良,1
被毁,1
职责,1
悲剧重演,1
起源于,1
重刑,1
文科生,1
搞搞,1
好处,1
偏科,1
太差,1
文,1
往往,1
坚持下去,1
脑袋,1
传承,1
山水画,1
小桥流水,1
古道,1
唯美,1
蓝花,1
手上,1
合理收费,1
内防,1
局势,1
化学,1
面上,1
任重道远,1
如愿,1
祝好,1
明智,1
装装样子,1
恶人,1
全员,1
刘一水,1
制裁,1
身高,1
气势,1
佳实,1
相遇,1
实,1
不见不散,1
不卖,1
俩人,1
看点,1
划水,1
发话,1
星光,1
运,1
多才,1
记性,1
刚开始,1
垃圾箱,1
令,1
抗击,1
可恨,1
大于,1
食品安全,1
三聚氰胺,1
三鹿,1
小时候,1
婴儿,1
双向收费,1
丰巢,1
去取,1
费,1
奢望,1
私自,1
不经,1
错过,1
螺狮,1
桂花,1
酸,1
不酸,1
亲亲,1
幼小,1
太过分,1
贪污,1
打老虎,1
贪得无厌,1
胃口,1
不小,1
接上,1
不止一次,1
手法,1
丧事,1
肉,1
相当,1
科普,1
放养,1
睡眠,1
网吧,1
脖子,1
孙子,1
落户,1
农村户口,1
太低,1
城中村,1
Wj,1
无形之中,1
白吃,1
读报,1
联名,1
才是天,1
才是峰,1
cue,1
不急,1
娴熟,1
东家,1
太难受,1
保姆,1
熟,1
狠狠,1
排查,1
卞和玉,1
良材,1
苏州,1
奥秘,1
长,1
丢失,1
传国,1
和氏璧,1
璞玉,1
剧烈运动,1
难受,1
呼吸,1
澡堂,1
梨泰院,1
老鼠屎,1
一锅粥,1
好嘛,1
一心一意,1
不忘,1
平易近人,1
共话,1
充满希望,1
哪些地方,1
缘故,1
敷衍,1
传谣,1
振动,1
大同,1
罪,1
治标不治本,1
幼儿,1
难题,1
吊着,1
西武,1
变,1
亲们,1
最大化,1
卖房,1
扭角羚,1
无情,1
抱一,1
脱掉,1
见面,1
省长,1
书记,1
冤,1
一致,1
恶,1
抵制,1
么有字,1
广场,1
万达,1
牵引,1
犬,1
永不,1
政府部门,1
首都机场,1
邮费,1
呼和浩特,1
真实写照,1
才是,1
缺钱,1
套房,1
向上,1
笑容,1
热爱生活,1
给足,1
大家庭,1
荣誉,1
钢叉,1
掂量,1
拿起,1
带土,1
抖,1
张杰,1
手中,1
盛唐,1
杜甫,1
龟,1
纪录片,1
亲友,1
写诗,1
年前,1
后人,1
小伙,1
资料,1
颜色,1
黑云压城城欲摧,1
道友,1
渡劫,1
黑云,1
奇奇怪怪,1
堡垒,1
大火,1
票价,1
绿洲,1
沙漠,1
甘肃,1
再读,1
幼儿园,1
动画,1
天网,1
不住,1
要用,1
从未见过,1
美方,1
冷漠,1
品牌,1
唤,1
陪伴,1
真可怜,1
自首,1
法官,1
广西,1
法院,1
执行,1
立即,1
门卫室,1
分开,1
电瓶车,1
送到,1
货物,1
准确,1
推卸责任,1
想得到,1
掩耳盗铃,1
联谊会,1
企鹅,1
对头,1
整改,1
规律,1
下拉,1
预测,1
池子,1
立功,1
诚信,1
栽进,1
好事,1
头疼,1
银保,1
监,1
修养,1
滑稽剧,1
确认,1
进去,1
分配,1
漏网之鱼,1
地久天长,1
装睡,1
天啊,1
F,1
副总统,1
不删,1
枪支,1
想方设法,1
进一步,1
男朋友,1
为主,1
一月,1
脱口而出,1
三思而后行,1
留德,1
再三,1
宣扬,1
轻易,1
灾害,1
扯蛋,1
燃,1
酷,1
威武,1
兵哥哥,1
失业率,1
羞,1
两弹一星,1
明白事理,1
纯属,1
小伙伴,1
哇塞,1
换到,1
方便,1
教室,1
班级,1
一楼,1
从业者,1
双赢,1
图案,1
油菜花,1
摆在,1
抓不住,1
身边,1
不翼而飞,1
告知,1
退伍军人,1
屈,1
将来,1
自强,1
赶上,1
说句,1
忧国忧民,1
教授,1
传神,1
都好,1
子女,1
流泪,1
流血,1
裁掉,1
罚酒,1
反驳,1
活得,1
将心比心,1
普通百姓,1
维权,1
有理有据,1
都是骑,1
领,1
抱,1
家家户户,1
萌萌,1
不晚,1
学弟,1
衔接,1
面对,1
老美,1
阳会,1
复,1
怎么会,1
猛烈,1
互,1
瓜,1
解决问题,1
撕,1
打脸,1
变长,1
补,1
连轴转,1
生意,1
行走,1
赏金,1
猎人,1
嫌疑人,1
打听,1
看吧,1
女孩子,1
不可,1
药,1
副作用,1
活到老,1
学到老,1
转弯,1
大车,1
怂,1
许州,1
打卡,1
山水,1
瞩目,1
大臣,1
品,1
说法,1
近,1
源于,1
想着,1
自残,1
竞选,1
yxh,1
瞎说,1
团,1
假新闻,1
陷,1
抱抱,1
众议院,1
巫婆,1
传说中,1
一毛钱,1
都无,1
出远门,1
乱跑,1
扔给,1
从一而终,1
涡,1
振,1
幅度,1
晃动,1
体,1
材料,1
弹性,1
没上,1
共振,1
制,1
日后,1
同心圆,1
玉树临风,1
董先生,1
行政长官,1
基本法,1
返程,1
官宣,1
雪糕,1
添麻烦,1
筷子,1
满,1
烈,1
下起,1
秋天,1
入夏,1
连着,1
说什么,1
搞臭,1
遗臭万年,1
极,1
观点,1
GG,1
惊,1
敬业,1
碎了心,1
抓住,1
应对,1
亡,1
战争,1
袋,1
臆,1
没想到,1
到来,1
吃西瓜,1
炎热,1
朱一龙,1
娓娓道来,1
住宅,1
周边,1
理想,1
年轻,1
早晨,1
价值观,1
恶臭,1
潇洒,1
旁边,1
接待,1
周庄,1
云赏,1
腰包,1
算了吧,1
夜景,1
傻子,1
圈起来,1
世博会,1
迪拜,1
网易,1
指,1
鸡血,1
转基因,1
脊梁,1
MIUI,1
旅行,1
app,1
友商,1
喜感,1
配件,1
拍照,1
搞笑,1
饱览,1
无关痛痒,1
季能,1
上月,1
行云流水,1
万籁,1
紧,1
未,1
简历,1
招人,1
没看,1
好朋友,1
同学聚会,1
搭理,1
说句话,1
郑州,1
熟人,1
邪门,1
减,1
河南人,1
摆正,1
融化,1
秋裤,1
说说,1
平潭岛,1
乐趣,1
上岗,1
朱广权,1
表妹,1
城山,1
色,1
山上,1
明湖,1
日报,1
看上,1
博主,1
老家,1
勇,1
眼看,1
塌了,1
喷,1
塌,1
突发,1
中间,1
人员伤亡,1
才两年,1
设计院,1
留言,1
侵蚀,1
太原,1
聚集,1
防不胜防,1
山西省,1
核算,1
看重,1
善待,1
e,1
作案工具,1
带上,1
项圈,1
一切都是,1
`````,1
阶梯,1
劳有所得,1
赏花,1
中奖者,1
公示,1
中奖,1
炫,1
奕,1
不中用,1
散伙饭,1
去拿,1
行李,1
最惨,1
离去,1
纪律性,1
展示,1
别挤,1
相当于,1
跟着,1
高峰,1
错开,1
淡妆浓抹,1
想象,1
出游,1
可笑,1
收录,1
避免,1
增肥,1
帮不上,1
小龙虾,1
产品质量,1
交代,1
美国驻华大使馆,1
咨询,1
封闭式,1
何必,1
三国,1
韩国,1
撬动,1
尽快恢复,1
班,1
前段时间,1
事业单位,1
匹夫有责,1
奢求,1
徐少春,1
侵占,1
没赶上,1
幸免于难,1
很早,1
断航,1
莫斯科,1
隔离政策,1
主任,1
宏,1
张文宏,1
平静,1
老特,1
已婚,1
查询,1
二维码,1
白血病,1
都快,1
结,1
婚姻登记,1
键,1
阿联,1
吃货,1
易建联,1
占用,1
最怕,1
节假日,1
休息日,1
钉钉,1
机器,1
饭菜,1
味道,1
睡觉,1
不敢相信,1
来势汹汹,1
wb,1
谣,1
QQ,1
冲鸭,1
键盘,1
侠,1
都用,1
不顾,1
猪头,1
唐探,1
几部,1
春节,1
失业,1
核验,1
心理,1
生母,1
亲,1
后妈,1
于传龙,1
好转,1
出去玩,1
疯,1
殖民,1
大学教授,1
灌输,1
更是,1
马屁,1
历史观,1
重点,1
第二季度,1
实在太,1
不及,1
下雨,1
气候,1
天气预报,1
口头,1
员工,1
五一劳动节,1
友善,1
战术性,1
外籍人士,1
白金汉宫,1
乌鸦,1
国宝,1
大熊猫,1
社会主义,1
熊猫毛,1
挨,1
走上正轨,1
不必要,1
常态,1
穿越,1
同感,1
风景,1
根源,1
债权,1
任买,1
金科,1
爬上,1
长江水,1
昔,1
冬去春来,1
千年,1
流转,1
找来,1
旅行团,1
重新加入,1
休养生息,1
生物链,1
野生动物,1
县城,1
检查人员,1
路线,1
牢记,1
摆拍,1
转存,1
6月,1
运转,1
收割机,1
路,1
换人,1
繁琐,1
亭亭,1
枇杷树,1
不识,1
怎能不,1
难忘,1
一世,1
领域,1
阿姨,1
选票,1
内涵,1
超市,1
几毛钱,1
购物袋,1
朝阳,1
震慑,1
登场,1
对策,1
紧急会议,1
蛙叫,1
碾过,1
海军,1
证明,1
踢皮球,1
尽可能减少,1
踢来踢去,1
周董,1
补课,1
最喜欢,1
最爱,1
无时不刻,1
重建,1
动向,1
国民,1
政治家,1
早上好,1
学长,1
学姐,1
一动,1
饲养员,1
合,1
受不了,1
深港,1
语言,1
同步,1
tt,1
外宣,1
嗓子,1
不费,1
视感,1
常见,1
都看倦,1
窒息,1
会议,1
最低工资,1
幼师,1
最低,1
决赛,1
滚蛋,1
冲冲,1
质量,1
长远打算,1
魏晨,1
新图,1
一模一样,1
海报,1
说不出来,1
官网,1
套话,1
国难财,1
昧,1
利益,1
赚黑心钱,1
利润,1
害人,1
八强赛,1
呼唤,1
湖南,1
市区,1
五一劳动,1
里程碑,1
视而不见,1
立场坚定,1
斗志昂扬,1
世界卫生组织,1
愚蠢,1
不轻,1
穷极,1
打扰,1
安静,1
初见,1
夜读,1
互通,1
源,1
管路,1
输,1
电脑操作,1
不易,1
一辈,1
催,1
代名词,1
白眼,1
华姐,1
解释,1
托,1
每月,1
wifi,1
中国联通,1
从来,1
吉林省,1
打包,1
寸心,1
古今,1
教员,1
动一动,1
改成,1
真重,1
Gun,1
先烈,1
鲜血,1
圈圈,1
热度,1
吉林人,1
恐惧症,1
壁纸,1
美得,1
强奸,1
家暴,1
及时发现,1
严谨,1
婚纱照,1
吴京,1
王,1
晰,1
汇成,1
辽鲁,1
蹲到,1
碎嘴子,1
管都行,1
作死,1
出资,1
综合,1
合并,1
转到,1
登录,1
打乱,1
愁,1
教,1
航天,1
问号,1
旅程,1
星辰,1
事业,1
前方,1
遨游,1
航空,1
宇宙,1
免疫力,1
痛苦,1
扎哈罗娃,1
书籍,1
长江,1
里氏,1
树立,1
小妈,1
洗涤,1
日前,1
应变,1
拉动,1
消息,1
收走,1
报到,1
农林,1
家贫如洗,1
一空,1
互联网,1
逍遥法外,1
爱心,1
无疆,1
诈骗犯,1
目无王法,1
相亲,1
走起,1
一万年,1
太久,1
怕热,1
恩情,1
泪奔,1
南京政府,1
争做,1
稻,1
首推,1
恶魔,1
自杀,1
教唆,1
传递,1
好报,1
腾飞,1
拥护,1
继续发扬,1
可亲可敬,1
常回来,1
表白,1
传统,1
胸怀大局,1
在即,1
区,1
霸屏,1
全集,1
裂,1
才敢,1
America,1
筒,1
列宁,1
露,1
腰,1
乱套,1
春夏秋冬,1
家园,1
童话世界,1
九寨沟,1
宝藏,1
新世界,1
读懂,1
大力支持,1
年审,1
是非,1
口生莲花,1
避讳,1
婉转,1
封闭,1
复课,1
美国队,1
无所不用其极,1
党的领导,1
共存亡,1
算到,1
那一天,1
销号,1
营,1
来呀,1
真棒,1
春茶,1
好喝,1
小康社会,1
决胜,1
凝心聚力,1
实惠,1
稳定,1
走光,1
独居,1
男友,1
陈某,1
伤透,1
客气,1
大吼大叫,1
素未谋面,1
不长,1
原地不动,1
家乡,1
学费,1
姑且,1
克制,1
无恶不作,1
拉下去,1
一马当先,1
电视,1
杀鸡取卵,1
专,1
换汤不换药,1
剧中,1
家门,1
默不作声,1
征服,1
天堂,1
尽快,1
business,1
试图,1
局长,1
更大,1
县,1
X,1
网页,1
宣传片,1
升级,1
握,1
累人,1
看出,1
万物,1
抱怨,1
满大街,1
累死累活,1
奖励,1
大老鼠,1
反腐,1
苍蝇,1
重拳出击,1
失误,1
住院,1
韩某,1
人人,1
施工,1
渣土,1
明明,1
农活,1
恬不知耻,1
动不动,1
炒,1
众多,1
依法,1
处置,1
紧缺,1
市场经济,1
图,1
好评,1
TOPIK,1
公务员,1
腹,1
拖,1
dbq,1
拜读,1
扯后腿,1
能静心,1
黑色,1
显眼,1
着急,1
磕,1
没事找事,1
公共安全,1
纳瓦罗,1
N,1
无忧,1
医,1
封神,1
古代,1
袁老,1
戒烟,1
强扭的瓜不甜,1
录取,1
偏要,1
辞退,1
用人单位,1
没啥,1
受,1
碰,1
房贷,1
互换,1
幸运儿,1
爆破,1
享年,1
市民,1
价,1
巨响,1
走远,1
顶上去,1
数量,1
帅哥,1
烟熏妆,1
围挡,1
心情,1
来来来,1
舞台,1
营业执照,1
轮到,1
整张,1
回炉,1
霸,1
上演,1
速速,1
标语,1
黏贴,1
驶,1
楼,1
省事,1
用户,1
捏,1
珠海,1
编制,1
求求,1
耕种,1
重心,1
农业,1
每日,1
甜,1
发自内心,1
温情,1
侣,1
郎朗,1
椅子,1
One,1
world,1
福音,1
强迫症,1
透过,1
捧场,1
云游,1
越南,1
合作,1
用心,1
并肩作战,1
目,1
祝俩位,1
岁数,1
外公,1
福建省,1
审核,1
请求,1
台湾省,1
包辣,1
中饭,1
赶得及,1
祸,1
凯旋归来,1
专家组,1
大地,1
有所,1
老好人,1
说出,1
墙外,1
学就,1
大衣哥,1
规定,1
受伤,1
冲击力,1
钓鱼线,1
地点,1
放风筝,1
开发,1
秦陵,1
氧化,1
XX,1
咸阳,1
地宫,1
蒸汽,1
众叛亲离,1
觉着,1
孤立,1
失道寡助,1
得道多助,1
高峰期,1
潜伏期,1
不是太好,1
上周,1
流,1
窝火,1
阔,1
浓烟,1
秸秆,1
地铁,1
办公,1
年会,1
出差,1
教委,1
骂街,1
婚礼,1
柔,1
肩担,1
怎能,1
无能为力,1
放手,1
洒向,1
礼物,1
封国,1
黄,1
锁国,1
不孝子,1
春夏,1
低头,1
四川盆地,1
独领风骚,1
赵政,1
常来,1
古都,1
彩,1
光芒,1
摄影,1
都平安,1
顺遂,1
回家过年,1
上调,1
社保,1
负担,1
涨工资,1
凭空想象,1
无中生有,1
切中要害,1
帝,1
模样,1
从小,1
不够,1
豁出去,1
接回来,1
筐,1
有良心,1
袖子,1
实诚,1
形势,1
慌了,1
封锁,1
首当其冲,1
动荡,1
骑马,1
同在,1
搞不定,1
众志成城,1
开展,1
议会,1
病死率,1
超出,1
议员,1
长寿,1
象征,1
寿比南山,1
胡子,1
驰援,1
按时,1
不畏,1
哥哥,1
杰瑞,1
主子,1
,1
刮走,1
外卖,1
中医中药,1
休养,1
楷模,1
中医药大学,1
中小学,1
一律,1
视,1
遣返,1
相亲相爱,1
挖掘机,1
狗粮,1
饱,1
诗,1
小鸡,1
小鸟,1
轻,1
运送,1
摆着,1
怕怕,1
推迟,1
无能,1
永治,1
割,1
弊端,1
报复,1
病态,1
那只会,1
删,1
叨扰,1
愿去,1
感,1
电动车,1
泉州,1
手续,1
挂牌,1
安全感,1
达,1
勺,1
薄薄,1
有劲,1
捂着,1
荣誉感,1
家教,1
生病,1
特权,1
抑郁,1
公平,1
唯心主义,1
瞬间,1
相拥,1
花楹,1
报站,1
羊肉,1
攀枝花,1
茂茂,1
开会,1
可执行,1
全心全意,1
咋回事,1
华商,1
太快,1
看不出,1
有啥,1
平衡,1
半条命,1
剩下,1
麻烦,1
研究生,1
前男友,1
教育部,1
面的,1
形,1
超人,1
鞠躬,1
词语,1
播报,1
国泰民安,1
热闹,1
门诊,1
抽样,1
敢开,1
固定,1
推诿,1
知,1
看得,1
抗议,1
咬人,1
下单,1
买买,1
买点,1
杀手,1
羞愧,1
或许,1
航母,1
甲班,1
华夏,1
国务院,1
馋,1
改革,1
于党,1
从头,1
追到,1
再见,1
江湖,1
体制性,1
佬,1
吵架,1
着火,1
问问,1
哇声,1
大惊小怪,1
钓鱼,1
紧张,1
雄,1
生,1
盆,1
传家宝,1
暗,1
救回来,1
钻空子,1
狗屁,1
姑息,1
不实,1
放火烧山,1
依法严办,1
放火,1
拘留,1
童年,1
家庭教育,1
专访,1
二老,1
口语,1
英文,1
大概,1
怎么说,1
过早,1
想开,1
加剧,1
严加,1
,1
黑脸,1
加进,1
物种,1
朱q,1
小朱,1
花儿,1
谢,1
稀有动物,1
常说,1
换来,1
安宁,1
压,1
程度,1
允许,1
勇气,1
广东省,1
终会,1
被迫,1
不苦,1
彩虹,1
冠冕堂皇,1
扫雷,1
雷,1
独生子女,1
巾帼不让须眉,1
悄悄,1
破,1
病亡,1
消失,1
驳斥,1
老张,1
掖,1
员,1
送上来,1
社区,1
快递哥,1
姐,1
体谅,1
聚集性,1
摘下,1
过敏,1
农业部,1
穿山甲,1
营养价值,1
没人接,1
政绩,1
不知去向,1
至少,1
能者,1
庸者,1
院长,1
信任,1
赏罚分明,1
赏罚,1
分明,1
冻,1
渐,1
别扭,1
规矩,1
对外,1
管理处,1
牡丹,1
日积月累,1
调配,1
县级市,1
财政,1
丢人,1
很大,1
龙岩,1
中的,1
雨夹雪,1
下雪,1
冰雹,1
强暴,1
玩意,1
下作,1
罪加一等,1
知法犯法,1
马上,1
帮帮,1
几行字,1
没人管,1
平安无事,1
成本,1
限塑令,1
牙刷,1
梳子,1
塑料,1
角落,1
贵,1
认知,1
渗透到,1
非典,1
提倡,1
吃吧,1
公筷,1
分餐,1
怎么回事,1
是从,1
想进,1
感到高兴,1
勤洗手,1
德赛,1
公安,1
士,1
羊肉泡馍,1
肉夹馍,1
成想,1
肠粉,1
凉皮,1
泡馍,1
贡献,1
范源庆,1
步伐,1
高考生,1
冠军,1
金榜题名,1
华点,1
背书,1
好成绩,1
考出,1
夕阳,1
送别,1
不为过,1
浏阳,1
一家子,1
浅,1
小脸,1
赌,1
爆炸,1
震中,1
不堪设想,1
象,1
山火,1
重灾区,1
仅,1
好不好,1
无望,1
原姓,1
姓,1
公派留学,1
谭,1
德塞,1
指责,1
速度快,1
冲锋,1
冷面,1
刮目相看,1
妙,1
领导班子,1
孩,1
白头到老,1
值得纪念,1
顶得住,1
当选,1
嘴角,1
满足,1
凡人,1
终究,1
不骄不躁,1
累,1
前线,1
血肉,1
悠,1
月亮,1
偏远,1
guoquan,1
造谣生事,1
馨,1
遛遛,1
建好,1
团结湖,1
晃荡,1
把关,1
不严,1
严守,1
以防万一,1
南航,1
高嘉鑫,1
学历,1
精液,1
洗澡,1
赚,1
劝,1
护理,1
临床,1
境,1
人日,1
期待已久,1
陆陆续续,1
相同,1
面临,1
不停,1
为啥子,1
小盆友,1
东西南北,1
有着,1
汤,1
雪崩,1
学者,1
称,1
三更半夜,1
三天三夜,1
时间段,1
户外,1
嘲笑,1
主持人,1
运动,1
白天,1
欢乐,1
休戚与共,1
睡得,1
辛亏,1
慢慢,1
别来无恙,1
轮船,1
那才,1
堵车,1
鲸,1
雾,1
套路,1
桃花,1
挺身而出,1
尝试,1
say,1
亮眼,1
c,1
扎起,1
云开,1
婵娟,1
舍小,1
敢医,1
敢言,1
司机,1
单纯,1
排华,1
排外,1
扣,1
分分钟,1
靠窗,1
保守,1
em,1
先试,1
追认,1
快些,1
一面,1
类似,1
评为,1
南山,1
向钟,1
医闹,1
阻挡,1
京津,1
直辖市,1
单飞,1
战略,1
海参崴,1
毛子,1
就餐,1
登记在册,1
滚出,1
居民,1
证件,1
赶出去,1
法律法规,1
滚吧,1
心有余悸,1
胆,1
子真,1
三元里,1
没多久,1
边防,1
访问学者,1
忠骨,1
徒,1
长时间,1
平凡人,1
儿女,1
变得,1
继续走,1
舍生忘死,1
真想,1
摩擦,1
害死,1
地上,1
脑回,1
制度,1
里面,1
毁于,1
贪小便宜,1
无风险,1
天下无双,1
奴,1
暗中,1
搬家,1
回馈,1
离谱,1
尼采,1
好好笑,1
核,1
,1
从未有过,1
拐点,1
呈现,1
对手,1
闹腾,1
焕发,1
像是,1
梦,1
重复,1
损失,1
王某,1
不负责任,1
大张旗鼓,1
心胸开阔,1
发到,1
中文版,1
事实,1
小宝宝,1
伤疤,1
难度,1
好不,1
感受一下,1
反思,1
造成了,1
没指望,1
远远,1
危机,1
懒得,1
落井下石,1
苏醒,1
基辛格,1
实话实说,1
始终,1
三春晖,1
今晚,1
人世间,1
寒冬,1
停留,1
岁月,1
不再,1
更当,1
碑,1
永续,1
逝世,1
悲伤,1
湿润,1
卑,1
默默,1
安稳,1
走出,1
停摆,1
包容,1
最长,1
安,1
兰博基尼,1
不甘示弱,1
所在城市,1
没钱,1
商铺,1
高兴,1
控,1
推行,1
参与,1
讲真话,1
m,1
铠甲,1
测温,1
通宵,1
公安干警,1
粮食,1
底子,1
根深,1
快要,1
投身,1
爷爷,1
袁隆平,1
经济学家,1
牢,1
囤粮,1
制造,1
星星,1
夜,1
小白,1
争取,1
诚实,1
签名,1
道歉信,1
追思,1
留下来,1
一停,1
监狱,1
起飞,1
坐视不理,1
无冕之王,1
客观,1
点名,1
无效,1
崛起,1
战而胜,1
公敌,1
饶,1
抬头,1
砍,1
陶勇,1
多行不义必自毙,1
死不足惜,1
场合,1
组团,1
没写,1
都比网,1
共产主义,1
筑,1
概,1
信誉,1
同事,1
帮忙,1
乖,1
中国证监会,1
中国公司,1
才一年,1
同伙,1
天真,1
裹着,1
出租屋,1
天理难容,1
qnmd,1
蹭,1
准信,1
预期,1
瞎操心,1
清明节,1
福娃,1
评价,1
基本,1
洋,1
不善,1
表达,1
坚强,1
身后,1
辱骂,1
高效,1
Chinese,1
建,1
lj,1
为时过早,1
舀,1
牧羊犬,1
听不懂,1
插队,1
没完,1
无小事,1
有事,1
心声,1
会动,1
负责人,1
会诊,1
决策,1
别出去,1
金贵,1
碗,1
放下,1
选择,1
住宿费,1
春装,1
严重性,1
遮羞布,1
绿,1
大大的,1
收放自如,1
进退裕如,1
万万不能,1
一无是处,1
回到,1
怪,1
挂灯,1
金字塔,1
坟,1
您好,1
流氓,1
产业链,1
调查结果,1
没救,1
雨,1
挺好玩,1
信号,1
浙江人,1
疑问,1
关,1
屁事,1
不力,1
跌,1
失控,1
新一轮,1
传播,1
淡定,1
停,1
背后一套,1
当面一套,1
餐食,1
喃,1
决不,1
如实,1
哔,1
杀人犯,1
内鬼,1
杀人,1
内幕,1
没能,1
中午,1
北上广,1
主战场,1
话说,1
誓师,1
再来,1
火车,1
公交车,1
公共交通,1
耳机,1
违规,1
火车上,1
好难过,1
难过,1
安且吉,1
年年有余,1
何其,1
白,1
军,1
破天荒,1
愣,1
带病毒,1
公司总部,1
能降,1
严格控制,1
死亡,1
该死,1
阳,1
到此一游,1
xx,1
违法行为,1
算不算,1
合影,1
拉入,1
奔驰,1
吐痰,1
这不,1
计入,1
带给,1
金银潭,1
美军,1
士兵,1
纪实,1
欲,1
忽闻,1
床位,1
纽约,1
乱说,1
金毛普,1
医学,1
灭绝,1
翻墙,1
害人害己,1
退出,1
点心,1
People,1
dying,1
生日,1
砖,1
机,1
霉,1
跨越,1
逆时针,1
爸爸,1
东郭先生,1
蛇,1
欢迎光临,1
车水马龙,1
祝贺,1
繁华,1
开门,1
直通车,1
考虑,1
停航,1
那么久,1
皮球,1
人道主义,1
卖给,1
北新建材,1
封在,1
污染,1
红区,1
冰球,1
赛事,1
反正,1
荆门,1
自报家门,1
省区,1
症,1
巧,1
没问题,1
严,1
失业者,1
图里,1
真爽,1
心术,1
自取其辱,1
挂,1
活该,1
税收,1
减免,1
咸宁,1
兰州,1
说不过去,1
否极泰来,1
出道,1
不幸,1
好兆头,1
我家,1
秦皇岛市,1
下馆子,1
超级大国,1
乱了套,1
母狗,1
中心,1
彻底,1
男女,1
延长,1
娃,1
女职工,1
就职,1
甩到,1
小事,1
感冒,1
双黄连,1
吃完,1
机制,1
疑点重重,1
刘某,1
发布,1
疑点,1
3月,1
管用,1
河南村,1
皮卡皮卡皮,1
皮卡丘,1
可可,1
奶奶,1
医患,1
敞亮,1
折腾,1
魄力,1
一口气,1
搁,1
费用,1
勇敢的人,1
莫诗琦,1
动容,1
乘坐,1
漯河市,1
南开,1
映入,1
投毒,1
归功于,1
短时间,1
责任心,1
做错,1
呼吸器,1
以此,1
人命,1
并不,1
巴铁真,1
巴基斯坦,1
诚恳,1
哈巴,1
真多,1
教人,1
委曲求全,1
恩怨分明,1
心灵鸡汤,1
木带,1
台上,1
视频会议,1
不待,1
科举考试,1
报导,1
我党,1
补贴,1
轮流,1
撒开,1
班群,1
辅导员,1
报出,1
放贷,1
传染病,1
有效,1
很快,1
吓人,1
打的,1
刚刚,1
对内,1
报废,1
太阳,1
改不了,1
爹,1
好时光,1
开通,1
藤椅,1
蒲扇,1
春招,1
舍小家,1
守夜人,1
贪食,1
火锅,1
热情,1
补贴金,1
克扣,1
老弱病残孕,1
口子,1
真行,1
新疆,1
OMG,1
医疗系统,1
崩溃,1
右,1
拐,1
灰,1
身,1
治,1
当之无愧,1
斩首,1
英国首相,1
亲戚,1
刚说,1
华侨,1
华侨和,1
惯,1
毛病,1
华在人,1
垃圾堆,1
盯着,1
嘲,1
演过,1
少侠,1
万事开头难,1
鼠年,1
风调雨顺,1
发大水,1
海地,1
容易发,1
冻得,1
冷暖,1
差不多,1
天儿,1
南极,1
北极,1
说起,1
到处,1
找谁,1
麻将牌,1
司徒,1
饭,1
实质性,1
抄起来,1
条例,1
必胜,1
人儿,1
勇士,1
热爱劳动,1
人生意义,1
不得已,1
杭州,1
来得及,1
前列,1
试点,1
提振,1
证明了,1
峰会,1
电视电话会议,1
一碗水端平,1
bb,1
大河上下,1
蜡,1
千里冰封,1
从没,1
见过,1
风雨,1
团结一心,1
都想,1
下课,1
每周,1
外来人员,1
唐山,1
离海,1
倒,1
报备,1
严办,1
成灾,1
看不上,1
相悖,1
u,1
画,1
大约,1
亏,1
谁敢,1
变化,1
火,1
剩,1
春季,1
相约,1
马可,1
战役,1
涌泉相报,1
讽刺,1
诋毁,1
皇室,1
岂,1
富,1
黛安娜,1
查尔斯,1
内地,1
罢工,1
连累,1
集会,1
放空炮,1
概率,1
一路平安,1
暖春,1
冰激凌,1
表态,1
冰,1
兵团,1
援,1
随叫随到,1
指日可待,1
折,1
云贵川,1
盖,1
网游,1
沉迷,1
团聚,1
狠心,1
躬,1
千言万语,1
红领巾,1
打麻将,1
开起,1
麻将,1
气死我了,1
看不到,1
大门,1
常,1
决不能,1
泰国,1
上海海关,1
病源,1
当时,1
隔,1
一别,1
债有主,1
医保,1
天后,1
真怕,1
增长,1
奥利,1
三大,1
动人,1
总会,1
烩面,1
有情,1
推特,1
国界,1
外省,1
春回大地,1
自费,1
瞧不起,1
说到做到,1
边界,1
进退自如,1
逾矩,1
完而,1
有度,1
保有,1
搞得,1
通报,1
糟老头子,1
背,1
打嘴,1
自有公论,1
资费,1
暗地,1
迁移,1
很慢,1
变慢,1
太凶了,1
增速,1
傻,1
还给,1
老板,1
有份,1
极度,1
女婿,1
洋女婿,1
无所谓,1
都怕,1
操场上,1
学呀,1
标题,1
破解,1
前期,1
实际行动,1
扛着,1
孙女,1
年纪,1
眼泪说,1
w,1
公道,2
付出代价,2
忠诚,2
超越,2
哆嗦,2
一带,2
有害,2
-,2
立案,2
美景,2
星空,2
丫丫,2
不点,2
绝望,2
只能,2
技能,2
和平,2
带着,2
区别,2
烟,2
电子,2
禁止,2
撒谎,2
刑事责任,2
广告,2
蛮,2
抽烟,2
愤怒,2
遇到,2
警告,2
暴乱,2
脸皮,2
凭什么,2
参加,2
二手烟,2
赚钱,2
戒,2
部门,2
为国为民,2
武力,2
方便面,2
救,2
跑不掉,2
单位,2
组织,2
欠,2
世卫,2
报名,2
民主,2
快快,2
经常,2
施暴,2
大人,2
破坏,2
岂不是,2
树,2
不远,2
敌,2
票,2
买不到,2
幽默,2
检查,2
中国政府,2
主权,2
应届生,2
技术,2
对话框,2
理解,2
没了,2
来临,2
病魔,2
听取,2
血本无归,2
出借人,2
精彩,2
实事求是,2
脱贫,2
公司,2
往届生,2
同胞,2
海外,2
攻坚,2
有目共睹,2
诞生,2
虐待,2
学院,2
招,2
亲自,2
机会,2
太热,2
即将,2
确保,2
体系,2
流程,2
下场,2
曾经,2
很难,2
之间,2
登山队员,2
记,2
真难,2
了解到,2
也许,2
保障,2
家庭,2
受害人,2
杀,2
喝点,2
水,2
理由,2
太大,2
外围,2
国际,2
nb,2
卢本伟,2
只不过,2
猥琐,2
坚定信心,2
人民军队,2
查重,2
案子,2
劳动法,2
电脑,2
双标,2
迟到,2
女孩,2
案,2
意识到,2
生孩子,2
办法,2
过来,2
限,2
惩罚,2
游戏,2
功不可没,2
成年人,2
欢迎您,2
承德,2
火箭,2
一枝独秀,2
校园,2
过分,2
关爱,2
更新,2
还用,2
巨大,2
真话,2
福利待遇,2
应,2
薪酬,2
电话,2
规则,2
做法,2
舆论,2
法律,2
多多,2
央行,2
P,2
尽早,2
偶像,2
港,2
,2
建立,2
遇,2
闭环,2
北方,2
倒数,2
烂,2
挑战,2
根本,2
讲话,2
香蕉,2
成年,2
罪犯,2
虐杀,2
曝光,2
评,2
外防,2
复出,2
锻炼,2
结合,2
久,2
外出,2
扶贫,2
过紧,2
圆满成功,2
发达,2
放宽,2
幸运,2
赢得,2
藕,2
农产品,2
食品,2
下降,2
增长速度,2
调整,2
目标,2
聆听,2
民意,2
务实,2
排队,2
不懂,2
后浪,2
农民,2
划,2
搞快,2
空,2
招生,2
多少年,2
小城,2
不慌,2
解释一下,2
中央,2
国考,2
进步,2
保,2
知识点,2
只求,2
声音,2
合理,2
完事,2
资本,2
资本主义,2
招聘,2
产假,2
中华,2
必,2
当家做主,2
谈恋爱,2
剧,2
p,2
熊猫,2
动力,2
竹子,2
停止,2
有情人终成眷属,2
积极,2
姐姐,2
刘敏涛,2
绝,2
伙伴,2
实名制,2
单身,2
对象,2
温度,2
美的,2
造成,2
舒适,2
复试,2
教育厅,2
一日游,2
包邮,2
首都,2
大风,2
爸爸妈妈,2
能开,2
原油,2
停课,2
话,2
棒棒,2
偏远地区,2
大小姐,2
biss,2
追,2
清理,2
粪青,2
故事,2
演,2
朋友们,2
信心,2
耽误,2
消毒液,2
举报,2
宝贵,2
霍尊,2
吓死,2
固体饮料,2
良心,2
强盗,2
便是,2
烂透,2
危害,2
牢底,2
错觉,2
活跃,2
吸,2
护膝,2
边境线,2
心不死,2
认清,2
错误,2
鹅,2
下面,2
腐败,2
待遇,2
起床,2
敬佩,2
奔,2
倒是,2
放进去,2
太短,2
很少,2
明,2
盲,2
佳,2
惹,2
书院,2
豫章,2
连任,2
正,2
天长地久,2
就行了,2
商家,2
代价,2
多年前,2
毫无,2
看错,2
错,2
结局,2
没戏,2
沈阳,2
闷死,2
儿子,2
小女孩,2
王者,2
醒醒,2
正经,2
分享,2
拖后腿,2
内心,2
知识,2
喘,2
考察,2
农村,2
同伴,2
经不起,2
跑断腿,2
骗,2
辟谣,2
外,2
外逃,2
实行,2
预约,2
病人,2
近视,2
睡着,2
憨,2
透明,2
公开,2
努力,2
专家,2
猹,2
季,2
深圳,2
莫高窟,2
没开,2
儿童,2
厚颜无耻,2
虚伪,2
跪求,2
去年,2
母亲节,2
快乐,2
节日快乐,2
祝您,2
收过,2
消费者,2
公知,2
建国,2
食物,2
海狮,2
没有人,2
失信,2
面,2
优先,2
遗憾,2
交流,2
b,2
无话可说,2
线下,2
未知,2
不予置评,2
好酷,2
太酷,2
伊拉克,2
买不起,2
同学们,2
互帮互助,2
暴富,2
设计师,2
来源,2
勿忘,2
精力,2
换位,2
善意,2
到底,2
图片,2
养,2
防范,2
周末,2
兄弟们,2
头发,2
床上,2
皮肤,2
许可,2
阴谋论,2
偏偏,2
管理,2
现,2
当初,2
没到,2
道路,2
一国两制,2
聚餐,2
拿出,2
扒拉,2
最烦,2
放寒假,2
猪,2
数,2
繁衍,2
意外,2
肉肉,2
武汉伢,2
力量,2
楼盘,2
韶华,2
无法,2
游客,2
憋,2
无缘,2
大山,2
旅游,2
宅,2
垮掉,2
轻松,2
作用,2
表演,2
坑,2
投,2
路人,2
穿,2
梦境,2
扔,2
仙女,2
大明湖,2
济南,2
美食,2
食欲,2
大意,2
严控,2
国强,2
浮出水面,2
政治,2
自行,2
充满,2
补偿,2
家属,2
心态,2
服务,2
中日韩,2
亚洲,2
攀登者,2
原则,2
中医药,2
缺,2
我们学校,2
学会,2
睡,2
大陆,2
实名,2
女排,2
探,2
重,2
限流,2
刷新,2
季度,2
一段时间,2
再不,2
劳动者,2
明摆着,2
老子,2
提醒,2
闹钟,2
响,2
延后,2
人祸,2
严肃处理,2
烟花,2
黄鹤,2
没去,2
一眼,2
消毒,2
清,2
收费,2
问责,2
干活,2
消防战士,2
爱情,2
理,2
留下,2
限制住,2
嫌,2
好不容易,2
失望,2
提供,2
清楚,2
傲慢,2
骗子,2
想不到,2
秀,2
大有人在,2
低,2
怀疑,2
兄弟,2
请问,2
等于,2
再多,2
就地正法,2
情况,2
爆,2
陪,2
立场,2
有用,2
不准,2
思念,2
系统,2
体制,2
一家人,2
嘞,2
看不下去,2
最大,2
退钱,2
计划,2
认识,2
火星,2
大中华,2
读书,2
生态,2
生物,2
亲爱的,2
拉贝,2
推荐,2
缉毒,2
正本清源,2
毛,2
西安,2
西迁,2
重症,2
四月,2
取缔,2
外交部,2
真不,2
复学,2
复产,2
正轨,2
野蛮,2
致富,2
茶,2
破碎,2
亲切,2
简单,2
爽,2
费劲,2
痰,2
无耻,2
点播,2
超前,2
劳动成果,2
总结,2
分裂,2
皆,2
小声,2
老虎,2
机票,2
中考,2
WHY,2
alive,2
晚,2
配合,2
自私,2
大快人心,2
心思,2
摸黑,2
敌人,2
移民,2
管理局,2
黄金,2
朕,2
消防员,2
骚扰电话,2
愤慨,2
以外,2
胆子,2
占楼,2
姓名,2
作风,2
羡慕,2
母亲,2
可怜天下父母心,2
塞尔维亚,2
卷子,2
写进,2
系列,2
脑,2
滋味,2
朝鲜,2
圈外人,2
干部,2
交,2
没命,2
消散,2
北,2
礼遇,2
万众一心,2
幸得,2
提出,2
老爷爷,2
艾特,2
进来,2
驱逐,2
支付宝,2
飞飞,2
大城市,2
5月,2
善恶,2
知名,2
仪式,2
快来,2
民警,2
绥芬河口岸,2
一手,2
浪漫,2
合适,2
父亲,2
躺在,2
娱乐,2
早安,2
措施,2
关联,2
驻扎,2
遵守,2
鸭,2
政,2
晚上,2
医疗队,2
追责,2
转,2
千万别,2
救火,2
老人家,2
清华,2
学子,2
思考,2
说明,2
特效药,2
珍惜,2
病患,2
大使,2
说一句,2
经历,2
英语,2
废,2
帕金森,2
早,2
野味,2
不要命,2
伤害,2
关头,2
崽,2
适合,2
堪忧,2
支援,2
守住,2
消,2
都是那,2
死亡率,2
效果,2
团结合作,2
早日康复,2
所谓,2
保重,2
重庆火锅,2
贺电,2
胡辣汤,2
续集,2
长命百岁,2
真让人,2
印度,2
查查,2
火灾,2
凉山,2
老狗,2
止不住,2
活着,2
人世,2
迎接,2
邮政,2
小偷,2
要点,2
踩,2
捅,2
贼喊捉贼,2
闷,2
最慢,2
唐人街,2
含,2
太高,2
微笑,2
魔鬼,2
一家,2
疯狗,2
蓬莱,2
生产商,2
亏本,2
牛蛙,2
前,2
硬地,2
手相,2
牵心,2
向前,2
大考,2
不推迟,2
关闭,2
护士,2
接风洗尘,2
本地人,2
解除,2
武汉人,2
葱,2
好样,2
新生,2
滚,2
紧急,2
留在,2
居留,2
情商,2
焦虑,2
情感,2
张静静,2
团圆,2
差一点,2
大可不必,2
奉献精神,2
文笔,2
妻,2
不测,2
念想,2
试剂,2
撤回,2
做事,2
发达国家,2
拥挤,2
生者,2
卷土重来,2
亲人,2
醒,2
外国,2
耕地,2
查出来,2
负重,2
纪念,2
瑞幸,2
中药,2
咖啡,2
才十天,2
上诉,2
诉,2
一言难尽,2
后盾,2
心寒,2
孙,2
小果,2
西溪,2
传闻,2
阻止,2
真实,2
外地,2
舒服,2
宣布,2
需,2
不报,2
人数,2
题,2
东京,2
盛世,2
九江,2
女性,2
休,2
明媚,2
总算,2
援助,2
治病,2
不仅仅,2
郭杰,2
铁,2
费心,2
警醒,2
步入正轨,2
感人,2
精神,2
洗手,2
共建,2
北国风光,2
过后,2
滴答,2
闻,2
似,2
冬季,2
航,2
解封,2
暂停,2
从速,2
空间,2
榜,2
宝贝,2
收拾,3
直,3
军人,3
吸烟,3
抽,3
宝宝,3
装,3
写日记,3
肺炎,3
好好看,3
朋友,3
市长,3
恶劣,3
利用,3
假,3
联合国,3
当年,3
硬核,3
中华民族,3
至上,3
道歉,3
口,3
厕所,3
后果,3
智商,3
红,3
过过,3
风景线,3
接触,3
到时候,3
立法,3
森林,3
勇攀,3
强国,3
道理,3
明白,3
暴力,3
回复,3
坐牢,3
刑,3
规范,3
结婚,3
传,3
打赢,3
发展,3
表现,3
进入,3
新的,3
河南省,3
发声,3
活,3
得到,3
好兄弟,3
加拿大,3
严厉打击,3
受害,3
涨,3
对了,3
休息,3
太贵,3
lbwnb,3
赞成,3
购买,3
大部分,3
福利,3
愿意,3
反击,3
力度,3
很棒,3
挺好,3
长得,3
住,3
嘴,3
腾讯,3
感受,3
禁,3
太美,3
浙江,3
奥运,3
妈,3
强烈,3
有理,3
分级,3
整,3
学文,3
看起来,3
想买,3
能力,3
成绩,3
外交,3
做出,3
能够,3
环境,3
恶意,3
收藏,3
设置,3
体育课,3
中西医,3
说实话,3
很好,3
戴好,3
加入,3
算了,3
助,3
找到,3
猪肉,3
退休,3
提高,3
群众,3
考点,3
高中,3
教师,3
面试,3
公告,3
共渡难关,3
逝者,3
牺牲,3
打开,3
安装,3
高空,3
震惊,3
压力,3
人性,3
友好,3
敢不敢,3
管管,3
离开,3
社会,3
少年,3
上岸,3
行不行,3
李兰娟,3
降低,3
保护法,3
所有人,3
成都,3
糟糕,3
小孩子,3
分辨,3
负责,3
上班,3
具体,3
外面,3
黄山,3
江苏,3
大自然,3
资金,3
帮,3
共享,3
越,3
善,3
尽量,3
整天,3
上课,3
试试,3
同意,3
方面,3
琦,3
神仙,3
美政府,3
花朵,3
通知,3
笑,3
好像,3
米国,3
挣,3
医生,3
狗,3
自律,3
柜,3
反弹,3
重新,3
直播间,3
祸害,3
味,3
东北,3
走到,3
秃,3
水印,3
学到,3
回去,3
蹦迪,3
要来,3
北京高校,3
人人有责,3
防护服,3
传染给,3
文明,3
没完没了,3
几乎,3
辜负,3
最多,3
欧美,3
衣服,3
抱着,3
张韶涵,3
回答,3
不止,3
可惜,3
民众,3
相声,3
演员,3
帅,3
胜利,3
没事,3
政客,3
不求,3
形式,3
设计,3
摘,3
重视,3
成为,3
只想,3
没人,3
高三,3
目前,3
狗咬狗,3
胜利在望,3
出息,3
真相,3
抹黑,3
实事,3
西方,3
朋友圈,3
景点,3
恰,3
坚守,3
不到,3
券,3
营业,3
严防死守,3
小心,3
疫苗,3
减刑,3
流感,3
世间,3
性,3
奖,3
给予,3
等待,3
从我做起,3
车,3
本事,3
特别,3
假期,3
球,3
换,3
叹为观止,3
可恶,3
老铁,3
年级,3
不信,3
期末,3
记者,3
薅,3
重中之重,3
人间,3
反华,3
拉,3
减少,3
力,3
混乱,3
周杰伦,3
太不容易,3
来之不易,3
京津冀,3
创意,3
理财,3
网上,3
特殊,3
个头,3
现实,3
详细,3
认真,3
去掉,3
天一,3
读,3
忘了,3
滴水之恩,3
战友,3
全人类,3
体魄,3
tu,3
方式,3
哈尔滨,3
手,3
链接,3
搜,3
幸,3
苦,3
进行,3
气,3
国士,3
湖北人,3
核酸,3
泪,3
打电话,3
长期,3
城,3
健康长寿,3
延迟,3
商量,3
办,3
卧槽,3
方法,3
闲,3
约谈,3
健,3
委,3
守,3
前排,3
了不起,3
身体,3
情,3
发抖,3
不拿,3
同志,3
拥抱,3
涅,3
玉树,3
洋人,3
非洲,3
共同努力,3
无语,3
心疼,3
尼日利亚,3
榜上有名,3
警方,3
煎饼,3
下去,3
出院,3
罪有应得,3
山河,3
归队,3
向好,3
黑名单,3
绝对,3
醒来,3
管控,3
久违,3
大葱,3
命,3
情商高,3
小产权,3
村,3
脑子,3
国门,3
携带者,3
瞒报,3
忘记,3
上报,3
听说,3
泪点,3
处理结果,3
战斗,3
恐怖,3
农夫,3
可不可以,3
更加,3
巴铁,3
意大利,3
免疫,3
华人,3
伊朗,3
国际航班,3
爷爷奶奶,3
体罚,4
万岁,4
佟丽娅,4
天天,4
好奇,4
最近,4
拒绝,4
处理,4
统一,4
享受,4
优待,4
拥有,4
喝,4
鸡汤,4
估计,4
自豪,4
确定,4
未成年人,4
热,4
注意安全,4
严格,4
超过,4
漏洞,4
到位,4
举措,4
伤,4
抓,4
不在,4
公布,4
去世,4
水平,4
放心,4
高铁,4
有没有,4
考生,4
牡丹江,4
民法典,4
牛逼,4
更多,4
直接,4
倒下,4
太早,4
影响,4
适当,4
便宜,4
洋垃圾,4
媒体,4
评论,4
父母,4
记录,4
代表,4
个人,4
闹,4
报,4
人间仙境,4
小时,4
了解,4
梦想,4
想起,4
排名,4
不算,4
约,4
送,4
疫区,4
操作,4
随意,4
媒,4
标准,4
太帅,4
在外,4
反对,4
吸毒,4
信息,4
看来,4
中医,4
浪,4
基层,4
不该,4
突然,4
骄傲,4
还好,4
流量,4
民生,4
市,4
实现,4
找,4
就业,4
默哀,4
确实,4
非常,4
修改,4
讨论,4
报道,4
天下,4
幸福,4
百年好合,4
书包,4
存在,4
宣传,4
免职,4
共,4
明星,4
人民日报,4
收,4
戴着,4
博物馆,4
子,4
云,4
迎来,4
竟然,4
排,4
胖,4
害,4
原来,4
奥运会,4
接受,4
活动,4
放过,4
吃饭,4
接,4
暂时,4
眼睛,4
卡,4
热爱,4
丢,4
生态环境,4
功夫,4
医疗,4
共赢,4
汪苏泷,4
迪丽热巴,4
国货,4
不来,4
行动,4
群,4
放在,4
阳性,4
得不到,4
时代,4
友好合作,4
互惠互利,4
地区,4
时期,4
幸灾乐祸,4
工作者,4
太好了,4
行为,4
难,4
照片,4
导致,4
冷,4
不负,4
少年强,4
光,4
退,4
出现,4
早就,4
上网,4
女儿,4
门,4
倒闭,4
差点,4
名字,4
故宫,4
钱进,4
好久不见,4
金山,4
解放,4
派出所,4
偏见,4
发国难财,4
决赛圈,4
降速,4
王晰,4
民,4
毁,4
钟南山,4
白衣战士,4
派,4
心,4
毒,4
战胜,4
绿水青山,4
彻查,4
泄露,4
中文,4
看过,4
防,4
速度,4
民族,4
重生,4
延期,4
热干面,4
烟台,4
铭记,4
防疫,4
治疗,4
团结,4
团结一致,4
英国,4
集中营,4
恢复,4
愉快,4
眼泪,4
重逢,4
家书,4
不分,4
做到,4
唯,4
郏县,4
外籍,4
通信行业,4
好人,5
消费,5
讨厌,5
堆,5
赢,5
照顾,5
人口,5
告诉,5
医院,5
刷,5
改,5
暖心,5
中,5
暖,5
波,5
空气,5
风险,5
独,5
不动,5
开放,5
准备,5
入,5
帮助,5
捐,5
平台,5
真正,5
人生,5
党,5
谈,5
免费,5
航班,5
要求,5
实在,5
写,5
准备好,5
底线,5
都会,5
救救,5
温暖,5
想到,5
编,5
放弃,5
道德,5
两会,5
改变,5
日子,5
先生,5
分子,5
完了,5
白眼狼,5
变成,5
害怕,5
视频,5
可怜,5
稳住,5
看病,5
不行,5
乱,5
急,5
百姓,5
增加,5
稳,5
哭,5
口号,5
前行,5
圆,5
码,5
领导,5
新人,5
正能量,5
孩子们,5
再而三,5
见证,5
表示,5
到达,5
呆,5
贵州,5
一句话,5
治愈,5
肯定,5
期间,5
每次,5
真,5
春暖花开,5
歧视,5
香,5
美丽,5
后续,5
无辜,5
一生,5
最重要,5
随便,5
病,5
惨,5
网信,5
开发商,5
人类,5
学期,5
死刑,5
谨慎,5
完全,5
传染,5
节奏,5
笑话,5
中国人,5
不让,5
里,5
隐私,5
奋斗,5
福州,5
青年,5
天气,5
劳动,5
光荣,5
完善,5
外网,5
补助,5
集合,5
样子,5
黄鹤楼,5
担心,5
这辈子,5
硬气,5
发出,5
患者,5
大海,5
安康,5
成果,5
世界,5
轨迹,5
举办,5
遥遥无期,5
国士无双,5
自信,5
进,5
防止,5
封口,5
善良,6
指挥,6
开心,6
警察,6
调查,6
有点,6
地球,6
直播,6
强,6
科技,6
刚,6
冷静期,6
经济,6
卖,6
拜托,6
安排,6
正确,6
总统,6
山,6
取消,6
选,6
平安,6
总是,6
偷,6
公民,6
网友,6
守护,6
花,6
政策,6
强大,6
字,6
清零,6
难道,6
老是,6
放出,6
占,6
空调,6
敢,6
坚持,6
之前,6
付出,6
老人,6
城市,6
年轻人,6
课,6
渣,6
比较,6
小区,6
一而再,6
警惕,6
下来,6
干嘛,6
责任,6
回,6
死皮,6
法国,6
高,6
严查,6
激动,6
症状,6
人心,6
普通,6
白衣天使,6
心里,6
工作人员,6
复工,6
我国,6
正常,6
一切都在,6
陕西,6
回国,6
毛主席,6
天问,6
科学家,6
最高,6
宿舍,6
挺住,6
不愧,6
黑人,6
重启,6
志愿者,6
居家,6
常州,6
本来,7
搞,7
人权,7
一边,7
鸡,7
太多,7
管好,7
依然,7
全面,7
大哥,7
重要,7
想要,7
看着,7
未来,7
不敢,7
坚决,7
美好,7
反,7
以前,7
子弟兵,7
作业,7
超,7
提,7
落实,7
算,7
早点,7
犯罪,7
日本,7
不错,7
形式主义,7
限制,7
小孩,7
企业,7
是否,7
毕业生,7
江西,7
重庆,7
归来,7
靠谱,7
关键,7
身体健康,7
隐瞒,7
看见,7
骂,7
正在,7
家里,7
工资,7
走好,7
命运,7
集中,7
永远,8
书,8
信,8
美利坚,8
金融,8
事件,8
日记,8
出,8
放,8
见,8
意义,8
尊重,8
转发,8
巴西,8
一直,8
手机,8
内蒙,8
继续,8
持续,8
小朋友,8
相信,8
买,8
关心,8
营销,8
危险,8
东西,8
自觉,8
加,8
最美,8
粉,8
记得,8
判,8
辽宁,8
暑假,8
问,8
头,8
本土,8
勇敢,8
4月,8
松懈,8
拼过,8
俄罗斯,8
提前,8
哥,8
少,8
数字,8
全,8
平凡,8
发现,8
绥芬河,8
获利,8
省份,8
西班牙,8
觉得,9
看看,9
求,9
事情,9
解决,9
走,9
考,9
天津,9
鲍毓明,9
毕竟,9
注意,9
抢,9
外国人,9
医护,9
严惩不贷,9
是不是,9
单招,9
上学,9
成,9
电影,9
放松,9
垃圾,9
主动,9
好看,9
爆发,9
内蒙古,9
战,9
担当,9
侵,9
越来越,9
返校,9
医务人员,9
网络,9
可怕,9
优秀,9
长存,9
妈妈,9
川普,9
别墅,9
健康,10
关系,10
居然,10
抽奖,10
起来,10
未成年,10
挺,10
过去,10
伟大,10
风范,10
玩,10
懂,10
成功,10
动物,10
推广,10
坐,10
强制,10
不用,10
全球,10
听,10
吉林,10
祝,10
感恩,10
省,10
好消息,10
晚安,10
脸,10
快,10
国,10
甩,10
四川,10
自由,11
家长,11
行,11
全世界,11
必要,11
钱,11
一定会,11
更好,11
高考,11
特,11
考试,11
跑,11
怕,11
工作,11
恭喜,11
快递,11
老百姓,11
例,11
愿,11
防控,11
共同体,11
福建,11
诈骗,11
逆行,11
全国,12
意思,12
明天,12
方方,12
不好,12
总理,12
时刻,12
想去,12
自愿,12
政府,12
带,12
新闻,12
缅怀,12
太棒,12
喜欢,12
疫,12
感染者,12
抄,12
黑,12
不了,12
青,13
群体,13
大国,13
感谢,13
每天,13
国内,13
国外,13
历史,13
院士,13
高校,13
青春,13
漂亮,13
数据,13
最后,13
查,13
山西,13
春天,13
造谣,14
学,14
微博,14
一线,14
看到,14
大学生,14
分流,14
太难,14
祝福,14
蹲,14
赶紧,14
同学,14
确诊,14
友谊,14
群聊,14
死,14
钟老,14
老师,15
事,15
以后,15
生命,15
老,15
台湾,15
严惩,15
离婚,15
容易,15
控制,15
检测,15
不想,15
干,15
时间,15
大学,15
共同,15
出门,15
毛选,15
毕业,16
留学生,16
先,16
棒,16
你好,16
一起,16
今年,16
再,16
感动,16
锅,16
夏天,17
地方,17
回家,17
人员,17
做好,18
值得,18
需要,18
放假,18
月,18
大大,18
在家,18
终于,18
冠,19
香港,19
生活,19
上海,19
主席,19
保护,19
口罩,19
学校,19
抗,19
不要脸,19
网,20
最好,20
发,20
赞,20
可能,20
加强,20
病例,20
好好,21
回来,21
感染,21
必须,21
孩子,21
G,21
新,22
严重,22
问题,22
防护,22
教育,22
建议,22
今天,22
北京,22
特朗普,22
其实,23
关注,23
医护人员,23
快点,23
入境,23
应该,24
真好,24
祖国,25
更,27
已经,27
河北,27
新增,27
河南,28
厉害,28
期待,29
做,29
吃,29
可爱,29
人民,30
戴,30
学生,30
安全,31
开,31
境外,32
感觉,33
湖北,33
不会,34
不要,34
山东,34
广州,35
无症状,35
爱,38
早日,38
结束,39
支持,41
武汉,41
欢迎,41
请,42
谢谢,43
严防,44
太,45
不能,47
隔离,48
现在,50
黑龙江,51
知道,53
会,53
病毒,66
真的,67
广东,76
想,79
疫情,83
国家,83
输入,86
开学,87
没有,88
没,90
说,91
英雄,95
希望,104
致敬,118
中国,119
辛苦,139
美国,192
加油,272
,322
