野味,1
就诊,1
盼,1
佩戴,1
排查,1
手,1
王涛,1
致敬,1
谣言,1
晚,1
费用,1
黄某,1
宁夏,1
发热,1
防范,1
中小学,1
开学,1
犯罪嫌疑人,1
阿坝,1
哄抬物价,1
我省,1
专家,1
打喷嚏,1
现在,1
人民医院,1
武汉大学,1
澳门,1
最新,1
存在,1
湖北日报,1
生死,1
疑似病例,1
合肥,1
另行通知,1
筛查,1
仪,1
通告,1
鼠年,1
鼠,1
努力,1
勇敢,1
四川,1
话,1
长沙市,1
日照市,1
北京市,1
市民,1
中医药,1
巫山县,1
隔离,1
新加坡,1
航空公司,1
密切接触,1
广东,1
铁路部门,1
商家,1
温州,1
共同努力,1
硝烟,1
省,1
戴,1
预防,1
病毒感染,1
步法,1
检疫,1
入境,1
进出,1
问责,1
公职人员,1
菲律宾,1
出现,1
正确,1
导师,1
研究生,1
祝,1
避免,1
留住,1
标本,1
到站,1
死亡,1
相信,1
院士,1
西南联大,1
旧址,1
确认,1
中国中药协会,1
上海市,1
新春,1
祝福,1
医疗机构,1
遏制,1
了解,1
滇池,1
湿地,1
官兵,1
中央军委,1
善款,1
任务,1
操场,1
罪犯,1
我区,1
信息,1
做事,1
本事,1
家园,1
发生,1
新疆,1
游客,1
和顺,1
测定,1
评语,1
同学,1
考拉,1
体温,1
看望,1
考察,1
回信,1
全体官兵,1
刑拘,1
泸州,1
答案,1
边防战士,1
科研,1
停职检查,1
自由泳,1
假期,1
荒废,1
犯罪,1
知道,1
王一博,1
变为,1
加速器,1
接力,1
歌,1
电影,1
中国女排,1
硬性规定,1
不宜,1
塑料,1
一次性,1
硬核,1
澳大利亚,1
风,1
年夜饭,1
目标,1
省份,1
专业,1
靠谱,1
事,1
更,1
狠,1
张家界,1
独处,1
推力器,1
夺冠,1
未成年人,1
毒,1
改编,1
幸运,1
转发,1
盗版,1
资源,1
文化,1
实用,1
清洁,1
表演,1
年会,1
抓捕,1
不到,1
#VS,1
爸爸,1
母亲,1
帽带,1
南极,1
想到,1
大雪,1
小朋友,1
前,1
快乐,1
浪费,1
开,1
贵州,1
日子,1
电竞,1
达,1
增长,1
发射,1
回应,1
药品,1
中选,1
看病,1
搜救犬,1
尼泊尔,1
护照,1
公民,1
可爱,1
大唐,1
盛唐,1
预约,1
称,1
乌克兰,1
武当山,1
到底,1
属于,1
降雪,1
鄯善县,1
集体,1
失火,1
交警,1
袭击,1
年末,1
人均,1
愿望,1
习近平,1
培训,1
图,1
地区,1
小年,1
处分,1
全国,1
男子,1
腊月,1
反向,1
募捐,1
民政部,1
浙江,1
时代,1
关系,1
废话,1
上海市消保委,1
团,1
摘得,1
中国代表团,1
总理,1
任命,1
长江,1
打卡,1
运动,1
身体,1
苏浙,1
水煮,1
神奈川县,1
使用,1
十二生肖,1
成为,1
河,1
东京,1
门票,1
表示,1
欺负,1
LiPanda,1
偶遇,1
主持,1
世界,1
斌,1
孙文,1
通信,1
征兵,1
批准,1
上海音乐学院,1
普京,1
舞台,1
方向,1
菜,1
正式,1
走出,1
辞职,1
俄政府,1
放弃,1
地陷,1
核心,1
外交部,1
冬天,1
赖床,1
银行家,1
散文,1
生命,1
节操,1
火星,1
心宿,1
车站,1
保障,1
福,1
森林,1
宝宝,1
慈善,1
干细胞,1
造血,1
招生,1
陈伟霆,1
吉林,1
张同学,1
害怕,1
共识,1
门牙,1
奇观,1
流云,1
传人,1
状态,1
婚姻,1
家庭,1
需,1
遇难,1
西宁,1
梁军,1
人民币,1
没,1
动作,1
老伴,1
开源,1
当代艺术,1
盘点,1
参与,1
愤怒,1
以前,1
初心,1
少年,1
塌陷,1
救援,1
现场,1
部分,1
最后,1
遗体,1
路面,1
牺牲,1
土楼,1
手环,1
现金,1
赃款,1
联,1
失,1
汇率,1
操纵,1
来得,1
超,1
头像,1
换,1
失踪,1
目前,1
全面,1
坚定不移,1
萨日朗,1
L,1
灯笼,1
全球,1
重要讲话,1
发表,1
火山灰,1
穿梭,1
养老,1
独生子女,1
河南,1
菲利普,1
乐队,1
通报,1
护短,1
组,1
被困,1
山东省,1
无罪,1
量子,1
晒太阳,1
火山,1
青春,1
人质,1
击毙,1
假,1
出台,1
善良,1
仁心,1
医者,1
王晓,1
光,1
熊猫,1
阿尔茨海默病,1
研究,1
雾凇,1
范围,1
济南,1
泉水,1
韬,1
农历,1
快递,1
玩具车,1
不要,1
计划,1
山东,1
董老,1
一直,1
哥哥,1
选举,1
台湾地区,1
龙凤胎,1
大熊猫,1
驱逐舰,1
现象,1
南昌,1
非常,1
女儿,1
家长,1
应对,1
失误,1
症,1
格局,1
迹象,1
坚决,1
坚持,1
城市,1
男孩,1
井盖,1
教程,1
宣布,1
请辞,1
候选人,1
得票,1
带,1
张若昀,1
发行,1
电子,1
封条,1
动车组,1
铁路,1
欠薪,1
寻求,1
覆盖,1
G,1
射电望远镜,1
哨所,1
鲁哈尼,1
夫人,1
黄旭,1
和平,1
海军,1
客机,1
山火,1
直播,1
胡怀邦,1
击落,1
声明,1
脑出血,1
考场,1
雪人,1
堆,1
新生儿,1
临床表现,1
右手,1
晴,1
体,1
展览,1
进行,1
向上,1
制裁,1
广发,1
可控,1
科学家,1
白敬亭,1
水母,1
星,1
遇到,1
值得,1
打印,1
报销,1
职,1
考试,1
关注,1
月食,1
半影,1
今晚,1
接警,1
魏传忠,1
检验,1
地点,1
特等奖,1
造,1
医护人员,1
让路,1
支线,1
ARJ,1
天气预报,1
实际,1
杜少平,1
维持原判,1
核潜艇,1
获奖者,1
京东,1
人民日报,1
蝶,1
饭,1
战争,1
勤奋,1
,1
感谢,2
治疗,2
累计,2
医院,2
检测,2
中,2
人民,2
救治,2
病毒,2
健康,2
退票,2
旅客,2
台湾,2
症状,2
采取,2
自律,2
故宫博物院,2
月,2
古镇,2
微博,2
抽奖,2
孙杨,2
法,2
动物,2
征信,2
报告,2
孤独,2
灯会,2
南京,2
民警,2
儿子,2
父母,2
新增,2
应急,2
幸福,2
GDP,2
突破,2
馒头,2
问题,2
2月,2
视频,2
孩子,2
生物,2
新年,2
网友,2
温暖,2
执勤,2
库车,2
马晓光,2
刘鹤,2
梅德韦杰夫,2
春晚,2
人生,2
想,2
期刊,2
香港,2
训练,2
吴花燕,2
回家路上,2
武警,2
辅警,2
最好,2
论文,2
发现,2
老人,2
催,2
婚,2
期待,2
天眼,2
农民工,2
喜欢,2
突然,2
支持,2
工作,3
价格,3
确诊,3
感染,3
时间,3
钟南山,3
妈妈,3
我国,3
爸妈,3
过年,3
总统,3
说,3
缅甸,3
卫星,3
协议,3
学术,3
名字,3
会,3
医生,3
报警,3
舰,3
美国,4
武汉市,4
春运,4
故宫,4
春节,4
消防员,4
防控,5
生活,5
伊朗,5
武汉,6
口罩,7
地震,7
国家,8
中美,8
回家,11
1月,14
疫情,14
冠状病毒,14
中国,14
祖国,16
病例,17
患者,17
例,19
肺炎,22
