血性,1
制敌,1
醒来,1
不想,1
抗议者,1
卡车,1
抗议,1
长大,1
天象,1
主题,1
国民警卫队,1
运载火箭,1
地理,1
黑人,1
个案,1
执法,1
可能,1
梵净山,1
量体温,1
烟,1
比例,1
道理,1
合围,1
承认,1
大兴安岭,1
安理会,1
保卫局,1
联邦,1
蔬菜,1
沙滩,1
示威,1
国之大,1
立法机构,1
参观,1
德里克・沙文,1
被控,1
有着,1
日照,1
法治,1
获救,1
被困,1
老,1
破产,1
仝卓,1
学籍,1
金门,1
受伤,1
背道而驰,1
能力,1
随堂,1
车主,1
停车费,1
行,1
限,1
CBA,1
明尼阿波利斯市,1
雄,1
当时,1
报案,1
沙尘暴,1
阿拉善,1
关系,1
谷,1
示威者,1
焚烧,1
雨,1
左右,1
市场主体,1
冷战,1
维护,1
手,1
财富,1
台湾同胞,1
基层,1
溯源,1
高票,1
全国人大常委会,1
中华人民共和国,1
表决,1
牡丹江市,1
女生,1
鸡汁,1
捐献,1
王艳,1
创作者,1
合同,1
文物,1
铜器,1
危重症,1
列入,1
国安,1
孟晚舟,1
部长,1
心态,1
床,1
被褥,1
攀登,1
功能,1
骄傲,1
农民,1
家长,1
梅花鹿,1
人品,1
治理,1
公勺,1
蔡英文,1
乐山市,1
陶桂芳,1
C,1
偷拍,1
人民军队,1
论文,1
议案,1
职业病,1
来华,1
挑山工,1
吴谦,1
圆明园,1
正当防卫,1
检察机关,1
出乎,1
健康成长,1
收养,1
野外,1
中国人,1
永不,1
强求,1
独,1
救,1
公共场所,1
金山岭,1
适合,1
执法人员,1
复苏,1
图,1
污染,1
排放,1
解除,1
民营企业,1
个人信息,1
审理,1
绩效,1
法律,1
法规,1
互联网,1
万岁,1
云海,1
杨绛,1
先生,1
选拔,1
联署,1
青少年,1
AR,1
视角,1
网络游戏,1
代表团,1
失踪,1
离婚,1
艺术,1
蓉,1
保,1
南海,1
和平,1
紧急,1
致以,1
放生,1
沈开举,1
进入,1
公益,1
配备,1
追星,1
明星,1
强大,1
权利,1
澳门特区政府,1
形态,1
农历,1
渡过难关,1
权重,1
认为,1
海上,1
以后,1
书法,1
军,1
纪念馆,1
乳状,1
转存,1
看望,1
优惠,1
参加,1
身亡,1
世界冠军,1
香港特别行政区,1
说明,1
目标,1
贫困地区,1
国债,1
促进,1
艰难险阻,1
重点高校,1
支出,1
免征,1
发展,1
唱国歌,1
入场,1
抛物,1
全楼,1
波,1
生育,1
编,1
主旋律,1
发言人,1
小明,1
会议议程,1
大会,1
大学生,1
用人单位,1
北斗,1
全国政协,1
~LiPanda,1
在校生,1
反对派,1
闭幕,1
下午,1
两岸关系,1
当局,1
调剂,1
美好,1
战友,1
入校,1
小满,1
花墙,1
三角梅,1
约,1
安放,1
工程,1
手绘,1
推广,1
创,1
钙化,1
滩,1
pk,1
内部,1
重庆,1
湾,1
伞,1
对话,1
白细胞,1
共,1
婚姻登记,1
昭通,1
药物,1
蛋白,1
不要,1
西城区,1
发热,1
顶,1
攻,1
场所,1
三星堆博物馆,1
常务委员会,1
进一步,1
平均工资,1
帮,1
不幸,1
伍淑清,1
叔叔,1
湖南人,1
湖南省博物馆,1
前进,1
聋人,1
郭蕊,1
瓦,1
管制,1
出差,1
王先生,1
省,1
余,1
原则上,1
城乡居民,1
昼,1
博物馆,1
出,1
残疾人,1
盲道,1
东院,1
教训,1
明天,1
切断,1
支队,1
高程,1
免去,1
温顺,1
交响曲,1
日本,1
侵华,1
榫卯,1
梦想,1
叶永烈,1
落实,1
内华达州,1
整改,1
工信部,1
食品,1
犬,1
瀑,1
试题,1
金钟,1
扶贫,1
友好,1
巡边,1
界碑,1
文莱,1
家人,1
强基,1
计划,1
自律,1
奥布莱恩,1
胡言乱语,1
离校,1
山水画,1
开花,1
假,1
性侵害,1
行业,1
安倍晋三,1
防止,1
做法,1
在逃,1
清华,1
浴池,1
周恩来,1
玩具车,1
龚某,1
罗伯,1
城管,1
赵怡婷,1
委内瑞拉,1
郴州市,1
贫困户,1
越,1
大头,1
一定会,1
一日之计,1
财物,1
赵正永,1
耳机,1
听力,1
闷死,1
爸爸,1
积分,1
剧院,1
屏保,1
开园,1
保姆,1
玉玺,1
牛肉,1
体育课,1
娃儿,1
云冈石窟,1
黄花,1
想,1
振动,1
急诊,1
吊索,1
秘方,1
变化,1
村民,1
崽,1
甘肃省,1
更易,1
考核,1
娃,1
抨击,1
谢拉,1
外孙,1
街,1
长青,1
朝霞,1
映山红,1
小兴安岭,1
勋章,1
独立日,1
狗獾,1
兄,1
诗人,1
修复,1
黑云,1
虾仁,1
豆腐,1
村,1
学龄前,1
蓝光,1
防,1
近视,1
富国,1
跳舞,1
高兴,1
上网,1
母亲节,1
国货,1
王阿婆,1
学术期刊,1
强奸,1
箱,1
间,1
水族馆,1
宝宝,1
简直,1
贝多芬,1
保监会,1
马晓光,1
超标,1
创意,1
变黑,1
天安门,1
登山,1
方向,1
中下游,1
米勒,1
评价,1
化,1
国泰民安,1
蚊子,1
座谈会,1
空降兵,1
装甲车,1
眼保健操,1
推出,1
美政府,1
易凡,1
田欣,1
轮椅,1
航空兵,1
挑战,1
导致,1
古国,1
公共卫生,1
绝技,1
打火机,1
通话,1
征集,1
药品,1
微笑,1
笑容,1
分值,1
缺乏,1
当成,1
河麂,1
市妇幼保健院,1
社会,1
足球场,1
小哥,1
技巧,1
差别,1
节假日,1
嫌疑人,1
悬赏,1
HPV,1
门,1
靖边县,1
平时,1
建筑,1
危险区,1
船,1
展开,1
白思豪,1
张先生,1
耳聋,1
免票,1
扩招,1
派对,1
虎门,1
众议院,1
星辰,1
涡,1
振,1
合唱,1
丧,1
方宇宸,1
狼,1
首飞,1
成功,1
飞行,1
饭,1
抖动,1
鳗,1
花园,1
最大,1
航天,1
LiPanda,1
豫园,1
捕捞,1
朱某,1
洗手,1
告别,1
浪,1
联络组,1
稻城,1
年轻,1
撒谎,1
收入,1
周庄,1
世博会,1
正,1
应用,1
移动,1
帽,1
延长,1
冲锋在前,1
洋葱,1
黄山,1
葛钰,1
工程师,1
夜景,1
朋友,1
夜读,1
导火索,1
断,1
年轻一代,1
演讲,1
未变,1
高温,1
接待,1
劳动节,1
耗时,1
工匠,1
宜川县,1
蓝眼泪,1
文明,1
喊话,1
相遇,1
作出,1
搜救,1
大明湖,1
事发,1
落水,1
多谢,1
慕田峪长城,1
春笋,1
惨案,1
金沙江,1
追责,1
A,1
教养,1
议,1
热,1
跳绳,1
礼物,1
额尔古纳,1
新一代,1
圆梦,1
节日,1
星空,1
古城,1
大唐,1
光荣,1
花展,1
春季,1
设,1
积极,1
游玩,1
奋斗,1
米舒斯,1
周晨亮,1
反问,1
条件,1
中韩,1
实现,1
运营商,1
就近,1
出游,1
假币,1
日华,1
头盔,1
电动车,1
登记证,1
婚姻,1
超,1
小孩,1
请,1
学,1
自学成才,1
新规,1
拙劣表演,1
佩奥,1
朝阳区,1
核验,1
残虐,1
善意,1
关怀,1
国内生产总值,1
晴,1
秘鲁,1
乌鸦,1
河北省,1
级别,1
天津市,1
参与,1
隧道,1
保山,1
闹钟,1
响,1
龙,1
建三江,1
副省长,1
雪豹,1
路线图,1
盲人,1
善待,1
研究所,1
收费公路,1
道德,1
遗体,1
放弃,1
蓝色,1
群,1
一直,1
战士,1
狩猎,1
餐具,1
备忘录,1
塑料袋,1
入列,1
李兰娟,1
准备,1
透明,1
天使,1
坏人,1
差点,1
唱歌,1
角落里,1
方式,1
谣言,1
散布,1
调动,1
阿姨,1
宿,1
标准,1
最低工资,1
安州区,1
天气,1
赏花,1
测定,1
咨询,1
道菜,1
退出,1
徐美红,1
休假,1
接收,1
游船,1
鱼梁洲,1
团聚,1
打扰,1
青海,1
自来水,1
接入,1
水平,1
早起,1
陡峭,1
畅游,1
国旗,1
侮辱,1
沙尘,1
法,1
死者,1
解剖,1
春天里,1
童谣,1
金星,1
低保,1
蓄势待发,1
无障碍,1
天问,1
宇宙,1
观察点,1
架飞机,1
资格,1
船员,1
懂得,1
银河,1
中国海军,1
重返,1
南京市政府,1
沙漠,1
抱,1
春,1
飞花,1
大洋,1
令,1
行政,1
趋势,1
好运,1
日积月累,1
窨井,1
食堂,1
北京教育考试院,1
初中,1
雪龙,1
南极,1
幸存者,1
检验,1
中国政府,1
滥,1
诉,1
指导,1
目录,1
银,1
雄风,1
崔天凯,1
窨井盖,1
意见,1
武汉动物园,1
野蛮,1
锦屏社区,1
做好,1
下去,1
连云港,1
人员伤亡,1
意味着,1
短视,1
思维,1
柞水,1
退费,1
取消,1
人数,1
统计,1
天琴座,1
网站,1
用语,1
霸州,1
攻坚,1
局长,1
村里,1
孤岛,1
张关理,1
职业,1
小龙虾,1
提起公诉,1
审查起诉,1
生态,1
施工,1
暴跌,1
油,1
赔偿,1
成全,1
代理,1
票,1
传递,1
丽,1
国民,1
仪仗兵,1
火情,1
平流雾,1
雾气,1
观察,1
尸体,1
机票,1
注意安全,1
歼,1
免疫,1
传入,1
属实,1
命丧,1
旧账,1
翻旧账,1
泄露,1
斑羚,1
中华,1
孙力军,1
彩虹,1
五星红旗,1
癌症,1
飞,1
人员名单,1
王波,1
郁金香,1
观赏,1
结婚,1
千年,1
原阳县,1
土方,1
要不得,1
偷,1
懒,1
一视同仁,1
瑜伽,1
器官,1
受访,1
再次,1
管弦乐团,1
面孔,1
摘下,1
桶形,1
神农架,1
巴黎,1
娘,1
南沙区,1
西沙,1
再度,1
早,1
王璐,1
记录,1
遗址,1
秦始皇,1
海德堡,1
红腹锦鸡,1
寻偶,1
国,1
央视,1
窜,1
时光,1
闺蜜,1
完成,1
滋味,1
爱情,1
遇见,1
惦记着,1
华山,1
中东部,1
阳光,1
告白,1
教材,1
中央军委,1
退休,1
仔,1
出警,1
临床,1
牟建国,1
群雕,1
鸦雀,1
震旦,1
公安部,1
喷,1
同比,1
联合国,1
普京,1
投放,1
岁月,1
放下,1
身体,1
工商户,1
众多,1
现状,1
阵风,1
中文,1
鼓励,1
山花,1
涉外,1
戴高乐,1
航母,1
采购,1
山西省,1
戾气,1
福州市,1
韩天,1
芑,1
我校,1
刘某,1
黑屏,1
活力,1
外籍,1
使命,1
找,1
原因,1
老兵,1
落户,1
限制,1
蓝花,1
退税,1
玉树,1
康安,1
违法行为,1
发生地,1
挑拨,1
血浆,1
恢复期,1
涛,1
美丽,1
降薪,1
线索,1
白发,1
头发,1
反,1
ICU,1
影像,1
仅有,1
养成,1
好习惯,1
美国海军,1
男高音,1
年度计划,1
入院,1
联合,1
搜寻,1
落,1
引发,1
木里县,1
保持良好,1
研发,1
满洲里市,1
压,1
安全感,1
殴打,1
思路,1
多年前,1
中药,1
现在,1
突然,1
拐点,1
朱q,1
拒绝,1
礼,1
专访,1
峨眉山,1
金顶,1
春景,1
扫雷,1
南方,1
疾,1
只羊,1
红,1
帕金森病,1
鳞片,1
穿山甲,1
吊球,1
恒星,1
表现,1
副主任,1
放松,1
捐赠,1
鲍某,1
烦恼,1
敬礼,1
驾驶员,1
出租汽车,1
发布,1
塔,1
主,1
大道,1
栗先芝,1
下雪,1
真相大白,1
盼,1
入住,1
美国联邦,1
鲍毓明,1
商学院,1
绥芬河市,1
实施,1
桃林,1
满足,1
塑料,1
禁止,1
抹黑,1
谋,1
快乐,1
钟老,1
派驻,1
江豚,1
保护区,1
完整,1
总干事,1
酒吧,1
普通,1
美食,1
夫妻,1
人身攻击,1
约定,1
升读,1
夕阳,1
研究,1
烟花,1
谭,1
西,1
油田,1
石油资源,1
政治化,1
初选,1
团委书记,1
留给,1
幸得,1
立传,1
成,1
包裹,1
需求,1
设施,1
游乐,1
终于,1
熬过,1
公路,1
降生,1
社交,1
频道,1
胶州,1
缺口,1
严格,1
发车,1
法国医院,1
真心,1
遇到,1
爱国,1
你好,1
中小学生,1
填报,1
华西医院,1
评论,1
汉,1
学生上课,1
事态,1
解读,1
台湾当局,1
零星,1
居住,1
指挥部,1
搭乘,1
送入,1
张晶,1
世,1
伊丽莎白,1
别急,1
死亡率,1
电视讲话,1
发表,1
厚道,1
体育赛事,1
抢救,1
功勋,1
保持,1
客观,1
价值,1
警号,1
封存,1
进山,1
赵英明,1
相拥,1
教学,1
片区,1
山河,1
缅怀,1
亲人,1
思念,1
前行,1
守卫,1
人间烟火,1
雪崩,1
下车,1
深切,1
精准,1
物价上涨,1
使馆,1
期满,1
储备粮,1
哀思,1
抢购,1
高于,1
王伟,1
献花,1
今日,1
武汉长江大桥,1
志哀,1
下半旗,1
铭记,1
心里,1
走,1
瑞幸,1
孤独,1
住,1
综合医院,1
鲍里斯・约翰逊,1
甩,1
行云,1
王代权,1
驰援,1
常某,1
被告人,1
孙文,1
斌,1
围巾,1
武汉天河机场,1
中国证监会,1
造假,1
电影局,1
鹏,1
郭某,1
星团,1
网民,1
宣判,1
琮琮,1
少年,1
脸上,1
平均,1
门票,1
规则,1
明火,1
辛苦,1
雪,1
国际航班,1
班,1
周六,1
方面,1
超过,1
记得,1
总攻,1
漫画,1
献给,1
团结一致,1
减刑,1
有无,1
复燃,1
工作进展,1
录取,1
原则,1
勇士,1
于忠元,1
费,1
名为,1
打火,1
转发,1
通车,1
蔓延,1
火势,1
CT,1
决不,1
陋习,1
危机,1
野战医院,1
纠纷,1
跳窗,1
香菇,1
脱轨,1
同行,1
侧翻,1
塌方,1
湖南,1
刻字,1
鱼,1
马住,1
老挝,1
商场,1
保证,1
国门,1
莫斯科,1
世卫,1
南涧,1
平凡,1
痛苦,1
愿,1
女性,1
兰州,1
年度,1
区域,1
百南乡,1
遣返,1
经营,1
海滩,1
冰球,1
竹君,1
满,1
荆门,1
业务,1
即将,1
阳性,1
漯河市,1
大意,1
看懂,1
老奶奶,1
高度近视,1
肺部,1
出发,1
福州,1
国内,1
郭杰瑞,1
外长,1
长处,1
医,1
财政部,1
海南,1
扩大,1
新的,1
之中,1
郭某某,1
劝告,1
空中,1
烈士,1
好兄弟,1
绿,1
客运,1
委屈,1
感,1
成法,1
违反,1
介入,1
开行,1
武汉大学,1
永远,1
分享,1
台风,1
常年,1
尚在,1
鸡,1
幺,1
司徒,1
苏浙皖,1
易瑞,1
凌晨,1
1月,1
餐饮,1
海宁,1
温州,1
重新,1
搭台,1
无国界,1
妹妹,1
编辑部,1
打包,1
八达岭,1
放心,1
派出,1
合作,1
闪闪发亮,1
报备,1
返,1
聊天,1
回捐,1
中国画,1
播种,1
夏季,1
乌克兰,1
王子,1
查尔斯,1
无锡,1
返京,1
公交线路,1
撤除,1
过程,1
战胜,1
移动用户,1
流行,1
小客车,1
冰块,1
军礼,1
送别,1
安好,1
安稳,1
终止,1
祁琦,1
张定宇,1
巴科,1
水兵,1
罗斯福,1
热干面,1
醒,1
内防,1
封锁,1
制度,1
做到,1
不肯,1
匈牙利,1
晚,1
加快,1
壶口,1
反对,1
低,1
防线,1
更长,1
公共设施,1
照片,1
孙女,1
虹桥机场,1
佛山,1
遥感,1
近地,1
国境,1
埃塞俄比亚,1
武汉地铁集团,1
不负责任,1
不许,1
西方,1
良心,1
做事,1
把戏,1
实时,1
散去,1
嘱托,1
背包,1
造型,1
卫生署,1
广交会,1
运行,1
乘车,1
林,1
樱花雨,1
市长,1
员工,1
步行街,1
光谷,1
柬埔寨,1
举办,1
高铁,1
听诊器,1
失败,1
害怕,1
大厨,1
营养餐,1
展示,1
王烁,1
私自,1
首例,1
工作人员,1
系统,1
国新办,1
欢送,1
防护,1
王某某,1
采取,1
带回,1
想见,1
增幅,1
战壕,1
合影,1
大拇指,1
护送,1
严控,1
获,1
返乡,1
孝感,1
武磊,1
教育厅,1
欢迎,1
灯光,1
签证,1
陈颖,1
黄千瑞,1
期间,1
提供援助,1
制造,1
故事,1
霍普金斯大学,1
约翰斯・,1
李道增,1
定日县,1
比赛,1
候,1
亲王,1
消毒,1
训诫,1
玉兔,1
配合,1
跑步,1
调查组,1
接,1
石家庄,1
医疗机构,1
市县,1
兵马俑,1
报告单,1
马某,1
徐光,1
涉嫌,1
零增长,1
张某,1
美国国会,1
大厅,1
承诺,1
样子,1
内蒙古自治区,1
驶入,1
东华门,1
负担,1
个人,1
源头,1
后遗症,1
SARS,1
家务,1
绝不食言,1
脸,1
活鱼,1
双胞胎,1
圣火,1
奥运,1
非必要,1
名片,1
菲舍尔,1
闭馆,1
外防,1
付出,1
深情厚谊,1
杯,1
皮卡丘,1
慰安妇,1
日军,1
副主席,1
再见,1
日出,1
坚决,1
国家药监局,1
拉韦,1
返程,1
客户端,1
通勤车,1
襄阳,1
踏上,1
反思,1
杨洁篪,1
打法,1
访华,1
开盘,1
住院,1
配送,1
贾良飞,1
制定方案,1
意,1
黎某,1
堪当大任,1
起来,1
春暖花开,1
以下,1
定罪,1
江汉区,1
南非,1
美联储,1
财政,1
回复,1
隐瞒,1
投诉,1
占,1
未,1
回来,1
学生票,1
国航,1
临夏市,1
再贷款,1
信贷,1
邓某某,1
实行,1
古特雷斯,1
绝不,1
中转,1
浙江省,1
殡葬,1
维权,1
康利,1
焦作,1
首相,1
麻烦,1
执,1
调养,1
副部长,1
云南省,1
马杜罗,1
增至,1
阳,1
医疗保险,1
资金,1
补助,1
郑州市,1
正确,1
医师,1
成员,1
医学,1
革命,1
卫队,1
坎,1
希腊,1
孩子们,1
准,1
言论,1
最近,1
山西,1
人权,1
一边,1
贷款,1
内政部长,1
外资,1
无偿献血,1
患儿,1
瑞典,1
法令,1
阿根廷,1
强制,1
公众,1
马克龙,1
绝,1
申报,1
苦,1
国际篮联,1
声明,1
下床,1
云端,1
西甲,1
病毒检测,1
买菜,1
代购,1
校考,1
海洋,1
回收,1
旧衣,1
瑞士,1
汪勇,1
课程,1
团队,1
贵州,1
坍塌,1
沂南县,1
受困者,1
江西省,1
汤姆・汉克斯,1
NBA,1
青山区,1
武汉市纪委,1
数,1
华盛顿,1
英勇,1
瞒报,1
过去,1
开心,1
封城,1
提议,1
婆婆,1
宾馆,1
进京,1
地级市,1
环卫工人,1
启程,1
密切接触,1
重庆市,1
相继,1
休战,1
愿望,1
贝贝,1
搜救犬,1
病,1
流行病,1
留在,1
受困,1
门口,1
夜班,1
专区,1
返城,1
农民工,1
字头,1
休,1
持,1
张图上,1
改建,1
东莞市,1
至少,1
挂满,1
,1
老师,2
系,2
广告,2
少年儿童,2
电子,2
通报,2
呼吁,2
外部,2
制裁,2
专业,2
活动,2
吸烟,2
明尼苏达州,2
创新,2
世界卫生组织,2
想象,2
身份,2
文化,2
评估,2
事务,2
科技,2
张文,2
回,2
网络文学,2
男生,2
一国两制,2
风筝,2
建立,2
李克强,2
委员长,2
严重,2
战区,2
贫困,2
粉,2
螺蛳,2
夏天,2
外,2
中方,2
峰顶,2
澳门,2
登顶,2
飞机,2
网,2
代表,2
海拔,2
不能,2
暴徒,2
长城,2
检查,2
全国人大,2
最高,2
外贸,2
涉,2
犯罪,2
制定,2
清单,2
祖国,2
梦幻,2
体检,2
年轻人,2
分类,2
提案,2
王毅,2
四月,2
空调,2
比较,2
农产品,2
连续,2
地方,2
民生,2
中华民族,2
教育,2
炒,2
微,2
增速,2
至上,2
精神,2
声音,2
国台办,2
回应,2
暴,2
降雨量,2
旅行,2
木耳,2
单位,2
间隔,2
联系,2
以色列,2
大使,2
江西,2
赏,2
花,2
基本,2
戴,2
固体饮料,2
使用,2
卫生,2
去世,2
木里,2
修,2
目的地,2
窗帘,2
嫦娥,2
丰满区,2
补贴,2
泰国,2
继续,2
音乐会,2
暴雨,2
最好,2
收费,2
用户,2
谎言,2
作者,2
冰雹,2
预警,2
中美,2
需要,2
姚明,2
群众,2
礼炮,2
必须,2
女孩,2
幼儿,2
相关,2
电影,2
新媒体,2
在线,2
州长,2
封闭,2
特殊,2
彻查,2
事件,2
获得,2
湖南省,2
案,2
吃,2
演唱会,2
黑龙江省,2
歌声,2
心,2
逆行,2
阵容,2
案板,2
迷茫,2
立场,2
本土,2
祝福,2
吉林省,2
民众,2
自然,2
中信银行,2
伊拉克,2
皮肤,2
大我,2
陕西,2
中共中央,2
上海市,2
创作,2
违规,2
外卖,2
复,2
机构,2
立夏,2
排骨,2
坚守,2
蓬佩,2
紧急状态,2
招聘,2
守,2
日晕,2
派出所,2
真正,2
济南,2
晒被子,2
经典,2
刘江,2
中的,2
责任,2
薇娅,2
技能,2
限流,2
召开,2
病患,2
院,2
显示,2
中央,2
指导组,2
证明,2
美国政府,2
共和党,2
约翰逊,2
出行,2
深圳,2
盛开,2
网上,2
儿子,2
招生,2
考生,2
流量,2
纽约州,2
启动,2
报道,2
往往,2
处,2
父亲,2
中考,2
中国航天,2
名称,2
东方红一号,2
回信,2
阅读,2
好书,2
推荐,2
再,2
榆林,2
包,2
西迁,2
调研,2
九寨沟,2
严防,2
就餐,2
表演,2
筛查,2
迎接,2
守护,2
流星雨,2
救治,2
壁纸,2
希望,2
农业,2
秀,2
音乐,2
马来西亚,2
均,2
禁令,2
武汉市,2
国民经济,2
儿童,2
全美,2
纽约,2
暑假,2
吉祥物,2
群体,2
官员,2
中非,2
男子,2
公司,2
歧视,2
历史,2
特别,2
委,2
暴发,2
风雨,2
印度,2
发生,2
蒙古国,2
外籍人士,2
医护,2
通信,2
病房,2
行动,2
陆生,2
王欣,2
四川省,2
乘客,2
仅,2
窃密,2
影院,2
外出,2
大兴机场,2
病亡,2
试采,2
世界纪录,2
牵心,2
呼吸机,2
国际乒联,2
武汉人,2
解封,2
重启,2
出租车,2
身上,2
数字,2
欧盟,2
默克尔,2
全省,2
影响,2
温暖,2
居庸关长城,2
学院,2
黑龙江,2
比利时,2
山东,2
同胞,2
上午,2
哀悼,2
辅警,2
扑灭,2
加州,2
留学人员,2
周末,2
埃及,2
潭,2
病人,2
T,2
降,2
支援,2
考察,2
营业,2
产假,2
园区,2
相处,2
捐款,2
家中,2
免费,2
外国人,2
开,2
治疗,2
哥哥,2
有序,2
焦雅辉,2
组织,2
商业,2
中小企业,2
管控,2
建设,2
妻子,2
杜富佳,2
盒,2
酒店,2
应急,2
医务人员,2
供应,2
咸宁,2
改变,2
努力,2
球员,2
初三,2
通知,2
来之不易,2
下跌,2
边境,2
欧洲,2
命,2
拼过,2
省区市,2
奥地利,2
排查,2
丹麦,2
泉州,2
老爷爷,2
救出,2
可爱,2
南部,3
6月,3
居民,3
抽奖,3
运动,3
警察,3
体罚,3
飞船,3
立法,3
航拍,3
规定,3
舰,3
公布,3
总理,3
签名,3
养老金,3
中美关系,3
增长,3
草案,3
住宿费,3
数据,3
黄鹤楼,3
开展,3
失,3
委员,3
公筷,3
行为,3
篮球,3
广西,3
发现,3
事,3
话,3
营地,3
校园,3
垃圾,3
了解,3
建议,3
悬崖,3
下降,3
指标,3
坚持,3
企业,3
L,3
开幕会,3
后浪,3
科学,3
婚礼,3
云南,3
联,3
接种,3
贫困县,3
加油,3
核酸,3
奖励,3
学会,3
风,3
丰巢,3
导盲犬,3
辽宁,3
军队,3
响应,3
山火,3
小学生,3
脱贫,3
武警,3
路,3
抗,3
关联,3
扑救,3
广东省,3
塞,3
距离,3
中小学,3
不会,3
母亲,3
车辆,3
证据,3
没有,3
政客,3
抗体,3
空间站,3
春天,3
推迟,3
河南,3
丽江,3
州,3
市场,3
里,3
聚集性,3
目前,3
货,3
放假,3
耿爽,3
俄罗斯,3
广东,3
故宫博物院,3
青岛,3
值得,3
假期,3
出征,3
探测,3
网络,3
全面,3
口岸,3
西昌市,3
居家,3
近,3
赵春光,3
绥芬河口岸,3
消费券,3
领导人,3
防护服,3
经验,3
大熊猫,3
杭州,3
德塞,3
粮食,3
ECMO,3
赴,3
飞絮,3
大陆,3
集中,3
应,3
我国,3
撤离,3
凯旋,3
首批,3
率,3
清明,3
症状,3
最后,3
身边,3
浙江,3
困难,3
延期,3
提供,3
民警,3
媒体,3
检疫,3
谢谢,3
黄冈,3
前,3
李文亮,3
熔断,3
武大,3
宏,4
一线,4
预约,4
训练,4
铁路,4
广州,4
决定,4
市民,4
力量,4
大学,4
正在,4
野生动物,4
警方,4
修改,4
航天员,4
两会,4
黎智英,4
动物,4
说,4
青年,4
台湾,4
长江,4
救援,4
吉林市,4
感情,4
成都,4
接受,4
政治,4
舒兰市,4
明确,4
县,4
抵达,4
防疫,4
复课,4
丈夫,4
吉林,4
劳动,4
勇敢,4
课,4
月亮,4
应对,4
气温,4
出口,4
复学,4
现有,4
公民,4
已经,4
火星,4
献血,4
措施,4
暂停,4
秦岭,4
无人机,4
消杀,4
服务,4
南京,4
中医药,4
病区,4
感染,4
回国,4
通道,4
运营,4
旅客,4
家书,4
进行,4
是否,4
地铁,4
呈阳性,4
峰会,4
赞,4
风险,4
舱,4
微博,5
势力,5
港,5
试验,5
卫星,5
教育部,5
举行,5
加拿大,5
今年,5
经济,5
集结,5
熊猫,5
登山队,5
澳大利亚,5
未成年人,5
问题,5
消费,5
巴基斯坦,5
政府,5
外交部,5
新闻,5
出现,5
湖北省,5
旅游,5
调整,5
同志,5
省份,5
复试,5
世界,5
女儿,5
总书记,5
北京市,5
线,5
游客,5
援助,5
劳动者,5
事故,5
列车,5
地球,5
学习,5
要求,5
重症,5
平安,5
绥芬河,5
信息,5
费用,5
非洲,5
总统,5
码,5
东京,5
二十国集团,5
疑似病例,5
以外,5
城市,6
专家,6
支持,6
发放,6
赵立坚,6
更,6
快递,6
老人,6
海军,6
大桥,6
妈妈,6
华春莹,6
高考,6
月,6
青春,6
张静静,6
宣布,6
7月,6
医护人员,6
关闭,6
社区,6
一起,7
火场,7
巴西,7
毕业,7
记者,7
任务,7
人生,7
开放,7
地震,7
表示,7
就业,7
中,7
爱,7
恢复,7
网友,7
国际,7
-,7
回家,7
方舱,7
奥运会,7
调查,8
医生,8
民法典,8
读书,8
管理,8
G,8
安排,8
治愈,8
上海,8
新人,8
做,8
志愿者,8
感谢,8
今天,8
院士,8
介绍,8
塞尔维亚,8
地区,8
樱花,8
西昌,8
牺牲,8
伊朗,8
称,9
毕业生,9
健康,9
云,9
带,9
小区,9
景区,9
火灾,9
高三,9
雷神,9
出院,9
考试,10
会,10
留学生,10
生活,10
消防员,10
韩国,10
学校,11
孩子,11
默哀,11
会议,11
年级,11
队员,11
钟南山,11
英雄,11
美方,12
测量,12
时间,12
全球,12
世卫组织,12
复工,12
清零,12
专家组,12
累计,12
安全,13
物资,13
四川,13
死亡,14
人民,14
名字,14
战,14
返校,14
医疗,14
护士,14
致敬,14
英国,14
生命,15
疫苗,15
报告,15
山,15
特朗普,16
白衣天使,16
情况,16
西班牙,16
航班,17
学生,17
检测,17
入境,17
医疗队,18
高校,19
森林,19
北京,20
援,21
全国,22
隔离,22
法国,22
香港,23
工作,23
视频,25
境外,25
珠峰,26
患者,26
人员,27
德国,27
口罩,28
肺炎,28
无症状,29
疫,29
4月,30
国家,31
病毒,31
医院,33
5月,34
发布会,34
习近平,39
湖北,40
感染者,46
直播,47
开学,48
防控,48
意大利,49
新,54
输入,54
3月,67
冠,75
人民日报,81
确诊,90
新增,117
武汉,124
美国,128
中国,138
疫情,149
病例,306
例,488
