来临,1
院落,1
阻击战,1
支付,1
氧气,1
每天,1
认定,1
处罚,1
防护用品,1
政策,1
校门,1
黄瓜,1
护理,1
袋鼠,1
近日,1
流浪,1
刻意,1
徐辉,1
百货大楼,1
英雄,1
需要,1
街道,1
测温,1
下降,1
委员会,1
院士,1
线,1
不退,1
安排,1
共,1
深圳,1
路,1
规定,1
送别,1
去世,1
期待,1
奇迹,1
瑞德西韦,1
更,1
配合,1
通风,1
至少,1
显效,1
人力资源,1
服务,1
公益,1
尹祖川,1
大理市,1
倾向,1
记大功,1
生命,1
出门,1
停诊,1
广水市,1
男友,1
不法分子,1
分散,1
石家庄市,1
中方,1
培训,1
擅自,1
去年,1
不到,1
暂扣,1
三字经,1
情况,1
致谢,1
征用,1
大理,1
兰州,1
金箍棒,1
回家,1
小时,1
上班,1
前,1
底,1
世界卫生组织,1
到达,1
孙春兰,1
章某,1
公安局,1
称号,1
住院,1
中文,1
世界,1
清河县,1
殴打,1
施某,1
内江,1
劝退,1
江北区,1
通道,1
局,1
直击,1
甘于,1
背影,1
并肩,1
CT,1
市场监管,1
赶紧,1
晕倒,1
铜仁市,1
贵州省,1
酒精,1
防范,1
同济医院,1
新生儿,1
新,1
信阳,1
群体性,1
感染者,1
版,1
流行,1
家属,1
消杀,1
超市,1
张某某,1
说,1
选择,1
福州,1
林某某,1
轨迹,1
捂,1
课程,1
秦皇岛,1
芳,1
范某,1
消毒液,1
衡水市,1
周某,1
重启,1
倒计时,1
问责,1
李某,1
疼,1
~L,1
休息,1
车辆,1
王某某,1
黄冈市,1
张定宇,1
相信,1
废弃,1
孕妇,1
包,1
表情,1
彭某某,1
研发,1
攻关,1
住院日,1
党组书记,1
失职,1
转身,1
运抵,1
广州,1
人数,1
内江市,1
中山,1
网上,1
提醒,1
世界银行,1
长沙市,1
杜富佳,1
妹妹,1
码头,1
康复期,1
存活,1
心理健康,1
保持,1
志愿者,1
奔赴,1
生日歌,1
海报,1
女儿,1
出征,1
安徽,1
显示,1
无证据,1
女婴,1
影响,1
经济,1
经营场所,1
满足要求,1
组织,1
手,1
成都,1
敬畏,1
子弟兵,1
凯旋,1
最新,1
邯郸,1
调查,1
热线,1
幸存者,1
冯子健,1
场所,1
余,1
参加,1
交付,1
复课,1
鼠年,1
通行费,1
纪律,1
贵州,1
捐款,1
总会,1
北京大学,1
聚集,1
保定,1
咨询,1
求助,1
真诚,1
临床,1
普通,1
家中,1
紧急状态,1
堪培拉,1
公开课,1
马萨诸塞州,1
邱海波,1
手机,1
提示,1
药,1
发生,1
充分,1
加快,1
曲恩泽,1
运输,1
加征,1
心疼,1
笔,1
预约,1
限,1
秦皇岛市,1
分配,1
顺口溜,1
机关,1
赢,1
妊娠,1
菜,1
肘,1
东西,1
回国,1
杭州,1
报备,1
戈梅拉岛,1
双黄连,1
英国,1
调配,1
查看,1
社会,1
不够,1
收治病人,1
正式,1
荆门市,1
潭,1
环卫,1
派出所,1
切断,1
医务人员,1
泰国,1
确认,1
肺,1
重庆,1
返京,1
建议,1
爱心,1
紧缺,1
湖北籍,1
北京体育大学,1
教,1
就业,1
MU,1
再来,1
办公室,1
走好,1
蛇,1
河南省,1
非典,1
老同志,1
检查,1
严禁,1
收寄,1
病死率,1
论文,1
新英格兰,1
储备,1
唐志红,1
人民军队,1
新的,1
益阳市,1
网络,1
中央,1
刘丽,1
殉职,1
家人,1
坚决,1
漫画,1
辱,1
修缮,1
玉溪市,1
返程,1
引进,1
医疗机构,1
林俊杰,1
云监工,1
吐口水,1
一箱,1
初六,1
送走,1
芬兰,1
不礼貌,1
觉得,1
决定,1
勿,1
备,1
顺丰,1
人士,1
右,1
谢谢,1
短缺,1
会议,1
批评,1
董芳,1
乘车,1
现在,1
成效,1
曾光,1
施工,1
病房,1
告急,1
援助,1
办理,1
同济,1
天气,1
法案,1
飞,1
列车,1
监测,1
护士长,1
后台,1
白俄罗斯,1
跑,1
合肥市,1
查房,1
研究所,1
抑制作用,1
暂不,1
海军,1
冻,1
大连,1
服务区,1
财神,1
迎,1
应对,1
海域,1
过程,1
疫苗,1
公务员,1
湖北人,1
能力,1
预拨,1
肯定,1
出行,1
不会,1
总干事,1
队员,1
内蒙古,1
药店,1
澡堂,1
洗澡,1
科普,1
彩票,1
梧州市,1
车次,1
郑州,1
节目,1
卫视,1
菏泽市,1
高风险,1
大分,1
喊话,1
白衣天使,1
标准,1
协和医院,1
很大,1
恢复,1
长发,1
宅,1
吉林省,1
男性,1
连线,1
院长,1
负责人,1
景区,1
抢,1
巴伐利亚州,1
监护室,1
开市,1
新加坡,1
婆婆,1
击落,1
春季,1
喷剂,1
抗病毒,1
客机,1
集中,1
接待,1
海南,1
平衡,1
定点医院,1
义乌,1
医保局,1
成功,1
客车,1
国家,1
提前,1
阿富汗,1
坠毁,1
青少年,1
感,1
所有人,1
称,1
产品,1
下达,1
资金,1
公交车,1
社,1
控制,1
白菜,1
郑州市,1
北京站,1
学校,1
举报,1
应县,1
悉尼,1
澳大利亚,1
可能性,1
福建省,1
人群,1
青岛,1
合理,1
父子,1
打气,1
A,1
C,1
重庆市,1
包头市,1
河津市,1
篮球,1
青春,1
四平市,1
科比,1
恐,1
动画短片,1
黄岛区,1
次列车,1
K,1
情绪,1
飞机,1
流动,1
城市,1
市长,1
转阴,1
华南,1
核酸,1
马铃薯,1
蔓延,1
快,1
大白菜,1
东北,1
北京市交通委,1
断,1
足额,1
乐园,1
联控,1
可能,1
感染科,1
筛选,1
招生,1
爱,1
禽,1
隔着,1
R,1
处理,1
方法,1
公务人员,1
返回,1
现有,1
挖掘机,1
断路,1
锡林浩特市,1
机构,1
指挥部,1
高校,1
未,1
航空公司,1
扎堆,1
团队,1
东方,1
联勤,1
窗户,1
打开,1
加班,1
华大基因,1
卫生,1
襄阳,1
出发,1
陕西省,1
林郑月娥,1
需求,1
离世,1
查处,1
辽宁省,1
铜川市,1
传染,1
相关,1
盼,1
国泰民安,1
法国,1
拥抱,1
运输机,1
更好,1
人民政府,1
河北省政府,1
注定,1
家安,1
愿,1
幸福,1
广东,1
除夕夜,1
春晚,1
祖国,1
协调,1
包机,1
向前,1
片段,1
探望,1
垃圾,1
有害,1
江苏,1
组建,1
方式,1
独居,1
江西省,1
当前,1
科学,1
吸烟,1
野味,1
写,1
年夜饭,1
芳香,1
鄂州市,1
实行,1
落实,1
模式,1
安徽省,1
江,1
凌源市,1
区,1
紧急事件,1
省内,1
或许,1
部分,1
正,1
赤壁市,1
全力,1
冠,1
故宫博物院,1
反映,1
小哥,1
送来,1
南方医院,1
请战,1
过去,1
大型活动,1
山东,1
延期,1
节目单,1
留观,1
紧张,1
火车站,1
关闭,1
父母,1
道路,1
请战书,1
汉,1
门诊,1
邮件,1
撤出,1
姜子牙,1
兰州市,1
痊愈,1
应该,1
油,1
营业,1
满洲里市,1
价格,1
行为,1
石景山区,1
卫生局,1
犯罪嫌疑人,1
转入,1
牡丹江市,1
,1
救治,2
劳动,2
高三,2
社区,2
拐点,2
诊断,2
邢台市,2
封闭,2
隔离病房,2
机器人,2
广东省,2
发布,2
坚守,2
表示,2
排查,2
返岗,2
同志,2
宠物,2
居民,2
云南省,2
防疫,2
探访,2
台湾,2
小区,2
疫,2
关税,2
工作人员,2
接收,2
措施,2
建设,2
聚餐,2
世卫组织,2
老人,2
在线,2
教学,2
ICU,2
阳泉,2
再,2
出租车,2
黑龙江,2
以下,2
集聚,2
佩戴,2
红十字会,2
清洁,2
送,2
快递,2
天津市,2
考试,2
紧急,2
使用,2
宁夏,2
武汉市,2
婚礼,2
生活,2
开放,2
必胜,2
消毒剂,2
天津,2
确实,2
建设者,2
免收,2
想,2
传染病,2
欧盟,2
师生,2
查询,2
酒店,2
问题,2
家长,2
儿子,2
同胞,2
公民,2
必需,2
滞留,2
吃,2
购买,2
蔬菜,2
国际,2
德国,2
委,2
火,2
专家组,2
成员,2
何建华,2
丈夫,2
要求,2
男子,2
民警,2
生产,2
山西省,2
江西,2
明天,2
疾病,2
摄影,2
消息,2
涨价,2
G,2
增加,2
网友,2
不要,2
山东省,2
推迟,2
微博,2
澳门,2
就医,2
免费,2
护目镜,2
赛跑,2
群众,2
塔利班,2
春节,2
D,2
河南,2
车站,2
河池市,2
假期,2
均,2
活,2
自治区,2
征集,2
收治,2
平安,2
空军,2
团圆,2
严格,2
除夕,2
突发,2
闭馆,2
历史,2
档,2
雷神,3
钟南山,3
警方,3
李文亮,3
体温,3
记者,3
不能,3
妈妈,3
航班,3
现场,3
销售,3
无人机,3
黑龙江省,3
儿童,3
市,3
N,3
接触,3
抗,3
戴,3
症状,3
发现,3
邢台,3
会,3
支持,3
地震,3
研究,3
北京,3
西藏,3
企业,3
湖北省,3
通知,3
应急,3
咳嗽,3
婚姻登记,3
疑似病例,3
防护服,3
保障,3
春节假期,3
日本,3
就诊,3
预防,3
全国,3
暂停,3
交易,3
延长,3
全市,3
聚会,3
防护,4
重症,4
隐瞒,4
支援,4
传播,4
中,4
西藏自治区,4
药物,4
老年人,4
信息,4
护士,4
复工,4
一起,4
健康,4
四川,4
没有,4
乘坐,4
火神,4
进行,4
医疗,4
接受,4
死亡,4
小汤山,4
转发,4
旅游,4
出现,4
客运,4
谣言,4
北京市,4
公共卫生,4
床位,5
一律,5
上海,5
管理,5
习近平,5
补助,5
退票,5
铁路,5
方舱,5
心理,5
聚集性,5
公布,5
孩子,5
新闻,5
已经,5
黄冈,5
香港,5
市场,5
通告,5
检测,6
省,6
治疗,6
美国,6
一线,6
病人,6
野生动物,6
事件,6
请,6
消毒,7
病毒,7
时间,7
视频,7
中国,8
目前,8
治愈,8
医生,8
发热,8
隔离,8
人员,8
报告,8
取消,8
山,9
直播,9
开学,9
捐赠,9
医护人员,11
累计,11
医疗队,11
车厢,11
乘客,13
加油,13
物资,14
响应,14
工作,17
湖北,17
发布会,19
人民日报,19
2月,20
启动,22
冠状病毒,25
感染,28
出院,32
医院,35
口罩,36
肺炎,42
防控,44
1月,48
患者,63
武汉,67
新增,74
疫情,84
确诊,103
病例,192
例,311
