刷屏,1
日落,1
月亮,1
幸福,1
王,1
陈锦,1
中德,1
广南县,1
拍摄,1
规模,1
扩大,1
个人,1
养殖,1
看见,1
安排,1
系统,1
邮轮,1
加州,1
电话,1
接听,1
防疫,1
散去,1
蒙古,1
接回,1
协助,1
女性,1
万物,1
污名化,1
上午,1
往往,1
首例,1
中枢神经系统,1
医患,1
征用,1
捐款,1
学位,1
毕业,1
塔利班,1
党委,1
辅警,1
增加,1
怀,1
价格,1
哄抬,1
全球,1
经验,1
反映,1
国际奥委会,1
解决问题,1
情绪,1
动植物,1
队友,1
李剑,1
媒体,1
限制,1
大眼睛,1
颈,1
樱,1
举办,1
不敢,1
克里木,1
著名,1
正确,1
职工,1
费用,1
武汉市中心医院,1
温瑞,1
落实,1
拒绝,1
漫画,1
曹祥木,1
换岗,1
侨胞,1
卢浮宫,1
关闭,1
严重,1
蝗灾,1
人工智能,1
培养,1
反弹,1
火线,1
入,1
西班牙,1
家书,1
偶尔,1
倾诉,1
科技,1
滑行,1
机,1
派出所,1
于佳昕,1
箱,1
北斗,1
葡萄牙,1
外国,1
科研人员,1
定期,1
运动,1
进京,1
互联网,1
保持,1
黄某英,1
迅速,1
联合调查组,1
司机,1
商场,1
挟持,1
老师,1
印尼,1
肺,1
院,1
科学,1
可爱,1
朝鲜,1
公安机关,1
出动,1
全军,1
应急,1
新闻,1
喝药,1
女孩,1
千言万语,1
可能,1
微笑,1
成功,1
舱,1
雷神,1
返校,1
严格,1
顺风车,1
羊肉泡馍,1
病房,1
大叔,1
江学庆,1
医,1
马建国,1
红河州,1
上升,1
往来,1
解除,1
海域,1
国兴,1
华盛顿州,1
COVID-,1
泰国,1
决心书,1
胡,1
感染者,1
疑似病例,1
不信,1
三月,1
卡,1
辜负,1
离开,1
协议,1
贴心,1
不会,1
肉,1
藏香猪,1
赵涛,1
出入证,1
物业,1
天津市人,1
袁隆平,1
南开大学,1
困难群众,1
擅自,1
物价,1
供应,1
服务,1
一停,1
中成药,1
预防,1
病理解剖,1
画,1
同学们,1
联合,1
监所,1
仲裁,1
法庭,1
天象,1
湖北籍,1
荷兰,1
CAS,1
过度,1
中卫,1
报名,1
要求,1
返京,1
开业,1
允许,1
故事,1
爬山,1
部分,1
巴基斯坦,1
汉,1
一起,1
网球,1
N,1
批准,1
中共中央,1
攀升,1
梵蒂冈,1
副总统,1
再次,1
年级,1
商务部,1
交易,1
头,1
林草,1
外卖,1
选择,1
发源,1
防护用品,1
夏思思,1
血液,1
爱心,1
互敬,1
吐,1
怨气,1
草案,1
度过,1
乔锦仁,1
扎堆,1
实,1
坚守岗位,1
低谷,1
体育精神,1
克罗地亚,1
哈利,1
结束,1
贷款,1
埃及,1
前总统,1
资阳市,1
作贡献,1
昌平区,1
生日歌,1
日本政府,1
杜富佳,1
动物模型,1
面部,1
烈士,1
德源,1
群体,1
五常市,1
达到,1
滞留,1
世卫组织,1
德塞,1
恢复期,1
白衣战士,1
阿曼,1
台湾,1
养老保险,1
驻,1
科威特,1
朋友,1
吕,1
杨荣,1
更该,1
以身作则,1
全面禁止,1
延吉,1
决定,1
赵立坚,1
发言人,1
指挥部,1
陈北洋,1
违规,1
好兆头,1
肖贤友,1
雨水,1
参加,1
孕妇,1
超过,1
眼睛,1
当前,1
再,1
方中山,1
专案组,1
破案,1
黄文军,1
版权,1
电视剧,1
越要,1
工作人员,1
当日,1
来宾市,1
孤单,1
依然,1
当当网,1
汶川,1
希望,1
辛苦,1
必胜,1
调查,1
影响,1
出席会议,1
重要讲话,1
站点,1
预警,1
广元市,1
广场,1
市民,1
人山人海,1
SCI,1
论文,1
杨某,1
西湖,1
黄冈,1
购票,1
任命,1
局长,1
叔叔,1
期间,1
精神,1
人心,1
时间,1
房间,1
教学,1
都会,1
熟悉,1
大海,1
太太,1
降低,1
中药,1
肝功能,1
猪肉,1
浙江省,1
进口,1
快递,1
苹果,1
完成,1
神农架,1
违反,1
纪律,1
辽宁省,1
殉职,1
修订,1
伽师县,1
计较,1
越大,1
改变,1
干部,1
先,1
父亲,1
肖俊,1
消毒剂,1
压痕,1
赴,1
甘肃省,1
四川火锅,1
倡议,1
彭银华,1
建成,1
拉萨,1
人体,1
船,1
橘,1
砂糖,1
青海,1
担当,1
味道,1
人数,1
敬佩,1
心疼,1
督查,1
复兴医院,1
成员,1
衣物,1
头发,1
排班,1
满足,1
缴存,1
养老金,1
基金,1
阶段性,1
住房,1
佛山,1
成绩,1
队员,1
抗击,1
约,1
漫长,1
登陆,1
坚决,1
第一时间,1
藏区,1
星,1
卫星,1
证实,1
讲,1
词句,1
退缩,1
休整,1
母亲,1
常,1
同一片,1
蟹,1
穿,1
抓获,1
嫌疑人,1
玉兔,1
老年,1
合理,1
外交部,1
渠道,1
香港,1
重,1
活动,1
产能,1
强制,1
喷嚏,1
感谢信,1
口,1
救灾物资,1
粗暴,1
游客,1
程琳,1
女士,1
漠河,1
举措,1
阳光,1
可能性,1
武昌,1
下水道,1
徐辉,1
成,1
西城区,1
外套,1
特效药,1
筛选,1
禽,1
吃饭,1
进一步,1
在线教育,1
招生,1
就诊,1
江夏区,1
乘车,1
严,1
爷爷,1
托福考试,1
急危重症,1
扫,1
采取,1
人类,1
越好,1
一关了之,1
熊掌,1
猎捕,1
扩散,1
购物,1
账号,1
造谣,1
客厅,1
重庆,1
训练,1
出舱,1
钟某,1
身体,1
无偿献血,1
声明,1
疗效,1
未归,1
江苏,1
举报,1
占,1
需要,1
国家中医药管理局,1
汤,1
委员长,1
肖佳蔚,1
狗狗,1
课程,1
病因,1
门票,1
已经,1
抵达,1
大哥,1
房车,1
解剖,1
刘良,1
消毒液,1
段玉华,1
博物馆,1
保重,1
护目镜,1
微光,1
官员,1
说,1
唱起,1
祖国,1
不足以,1
顶风作案,1
平凡,1
江西,1
交通,1
不要,1
世界,1
门卫,1
保护,1
车内,1
塑料,1
汪勇,1
体育场,1
完工,1
药量,1
一家人,1
预约,1
年轻人,1
不应,1
空气,1
净化器,1
接触,1
基层,1
信息,1
超市,1
封闭,1
客运,1
玉环,1
菜市场,1
力量,1
充满,1
村民,1
查处,1
官兵,1
落泪,1
峨眉山,1
不力,1
被免职,1
袭击,1
话,1
混合,1
接力,1
交通工具,1
段正澄,1
华中科技大学,1
野味,1
付出,1
连降,1
救护车,1
负压,1
威胁,1
穿山甲,1
小伙,1
开发,1
大雪,1
床位,1
洗衣机,1
退票,1
张某智,1
海南,1
冻猪肉,1
傍晚,1
收费公路,1
崇州市,1
崇州,1
新发,1
风暴,1
炎症,1
药物,1
出行,1
春运,1
联防,1
吉林,1
年会,1
康复者,1
清远,1
荆州,1
网民,1
杨一帆,1
牛羊肉,1
运抵,1
现金,1
储备,1
医者,1
城区,1
信,1
分配,1
拥抱,1
张家界市,1
武昌区,1
组织,1
襄阳,1
改善,1
寒潮,1
黄山市,1
小时,1
委员会,1
新生儿,1
病区,1
误区,1
接收,1
潭,1
部门,1
雅思考试,1
救助,1
申请,1
蔡甸区,1
手机,1
外出,1
呼吸阀,1
建设,1
孝感,1
升级,1
森林,1
金山区,1
依法,1
孙文,1
探访,1
深圳,1
心,1
刘彩萍,1
病床,1
奋战,1
李谦,1
涉嫌,1
制品,1
市场,1
裤,1
安心,1
雪,1
灵武市,1
枪击案,1
春,1
爱情,1
公开,1
积极,1
痊愈,1
给予,1
体育馆,1
工资,1
进展,1
监督,1
谣,1
发型,1
前,1
儿子,1
线,1
奖励,1
蚌埠市,1
绩效,1
职业资格,1
材料,1
二手烟,1
消杀,1
实验室,1
赵金,1
日产,1
途径,1
延迟,1
儿童,1
对此,1
做法,1
国务院港澳事务办公室,1
兼任,1
武汉市委,1
湖北省委,1
控,1
空军,1
运输机,1
西藏自治区,1
泰康,1
所有人,1
诊断,1
张湾区,1
寻找,1
中华儿女,1
网,1
了解,1
内容,1
传染病,1
吴亚玲,1
全力,1
认定,1
空调,1
通风,1
膳食,1
营养,1
肖婧,1
网友,1
群,1
降温,1
青海省,1
绿,1
优秀,1
浓度,1
二氧化硫,1
封闭式,1
增值税,1
附属医院,1
控制,1
静态,1
作出,1
高考,1
复试,1
原定,1
教育部,1
比例,1
恩施,1
公安部,1
病史,1
平台,1
业主,1
交通运输,1
通行证,1
武警,1
妻子,1
张某,1
吐口水,1
执行,1
死刑,1
齐鲁,1
相遇,1
春天,1
倒卖,1
武汉大学出版社,1
人教社,1
警方,1
张某芳,1
追踪,1
全市,1
社会,1
失责,1
必,1
吐痰,1
果农,1
停课,1
诊疗,1
住宅小区,1
床,1
立,1
引力,1
力度,1
对不起,1
家园,1
兜底,1
政府,1
热,1
宅男,1
约谈,1
追授,1
除夕夜,1
收缴,1
下旬,1
集体,1
重复使用,1
团队,1
标准,1
疾病,1
库区,1
怒斥,1
田计强,1
生日,1
机制,1
形式主义,1
贡献,1
做,1
清楚,1
面试,1
签约,1
出租汽车,1
车,1
大沙河镇,1
妨害,1
主任,1
乱串,1
投诉,1
全国人大常委会法工委,1
高铁,1
不可抗力,1
体现,1
副书记,1
固定,1
广场舞,1
公共安全,1
危害,1
捐出,1
丈夫,1
朝阳区,1
村,1
战役,1
安徽,1
董勇,1
补助,1
全省,1
养老,1
没有,1
登记,1
婚姻登记,1
大爷,1
琳,1
李霖,1
立案侦查,1
教育考试院,1
江苏省,1
公务,1
电子版,1
国际,1
剃光头,1
防治,1
呼和浩特市,1
通报,1
电暖气,1
,1
生活,2
人生,2
樱花,2
四川,2
照片,2
志愿者,2
道歉,2
食用,2
资金,2
战,2
气温,2
学校,2
面前,2
治愈率,2
需求,2
里,2
问题,2
奥运会,2
课,2
重点,2
困难,2
回国,2
去世,2
举行,2
文字,2
发射,2
医保,2
乘坐,2
进入,2
监狱管理局,2
同志,2
现有,2
生物安全,2
不能,2
哽咽,2
护士长,2
检疫,2
开展,2
战士,2
军队,2
复产,2
网络,2
法国,2
凌晨,2
高三,2
表示,2
研究,2
浙江,2
农民工,2
务工,2
提供,2
看守所,2
监狱,2
宁夏,2
中方,2
聚集性,2
发病,2
副局长,2
俄罗斯,2
卫生部,2
日记,2
前线,2
专家组,2
报告,2
坚守,2
中央政法委,2
城市,2
国务院,2
女儿,2
工作者,2
湖北省,2
下降,2
逆行,2
ICU,2
杜,2
平安,2
感染,2
华尔街日报,2
提醒,2
爸爸,2
交警,2
发展,2
院长,2
专列,2
出现,2
单位,2
居民,2
援,2
院士,2
酒店,2
期待,2
公积金,2
同事,2
投递,2
率,2
中医,2
配合,2
返岗,2
婚礼,2
推迟,2
研发,2
脸上,2
谢谢,2
粪便,2
放心,2
定点医院,2
有效,2
使用,2
保障,2
非典,2
方言,2
想,2
生命,2
白衣天使,2
刘智明,2
磷酸氯喹,2
试验,2
正在,2
中小企业,2
实施,2
知道,2
十堰市,2
重症,2
宝宝,2
返程,2
公共场所,2
打牌,2
献血,2
运,2
员工,2
特殊,2
网上,2
回家,2
体温,2
培训,2
果子狸,2
愿,2
风雪,2
呈,2
免费,2
旅客,2
预计,2
观察,2
学习,2
天气,2
旅游,2
资源,2
大米,2
教师,2
制售,2
酒精,2
集中,2
症状,2
书记,2
对口,2
指导组,2
心理,2
健康,3
人民,3
发生,3
康复,3
英国,3
更,3
级别,3
戴,3
德国,3
防护服,3
连续,3
孩子,3
感谢,3
咳嗽,3
情况,3
获,3
运输,3
山,3
妈妈,3
月,3
报道,3
入境,3
公布,3
上班,3
建议,3
记者,3
开放,3
恢复,3
李兰娟,3
休息,3
高校,3
会议,3
发布,3
广东省,3
老伴,3
老人,3
1月,3
投放,3
安全,3
地震,3
男子,3
捐献,3
委,3
包机,3
阴性,3
销售,3
生产,3
隐瞒,3
出征,3
航班,4
英雄,4
钟南山,4
输入,4
密切接触,4
捐赠,4
核酸,4
抗,4
会,4
临床,4
北京,4
就业,4
风险,4
毕业生,4
中央,4
疫苗,4
做好,4
支援,4
码,5
以外,5
省,5
救治,5
医护,5
牺牲,5
收治,5
视频,5
发热,5
复工,5
管理,5
防护,5
考试,5
措施,6
致敬,6
死亡,6
响应,6
医疗,6
护士,6
小区,6
病人,6
中医药,6
武汉市,6
乘客,6
美国,7
北京市,7
传播,7
中,7
加油,8
-,8
国家,8
开学,8
公主,8
景区,8
治疗,8
医生,8
直播,9
检测,9
钻石,9
习近平,9
物资,9
意大利,10
学生,10
企业,10
医务人员,10
病毒,11
医护人员,11
社区,11
消毒,11
民警,12
方舱,12
数据,12
累计,13
医疗队,13
野生动物,13
中国,14
一线,14
全国,14
血浆,15
隔离,15
伊朗,15
3月,16
疫,16
人员,16
新,17
治愈,18
日本,18
冠,19
工作,21
韩国,24
人民日报,27
口罩,27
湖北,29
2月,30
发布会,31
医院,31
防控,36
出院,36
肺炎,45
武汉,47
患者,51
确诊,55
新增,66
病例,88
疫情,100
例,146
